barbara,0.0042298352,0.0040183435,0.22198176,0.0019457242,0.010701483,0.25281727,0.0032992717,0.009855516,0.21390277,0.002157216,0.01928805,0.12490704,0.000592177,0.029566549,0.037095655,0.0004652819,0.03214675,0.011166765,0.0002960885,0.02982034,0.0044836253,0.00042298355,0.02081079,0.0010574588,0.00025379012,0.011420555,0.00042298355,0.00016919342,0.0058371727,0.00021149177,8.459671e-05,0.002749393,4.2298354e-05,0.0015227407,0.0010997572,0.0,0.00033838683,0.0034261667,0.16525967,0.0,0.004652819,0.07918252,0.0,0.001438144,0.07761748,8.459671e-05,0.00042298355,0.012393418,0.0,0.0,0.0012266523,0.0,0.00012689506,0.0002960885,0.0,4.2298354e-05,0.00012689506,0.0,0.0,0.00033838683,0.0,4.2298354e-05,0.0004652819,0.0,0.0,0.0010997572,0.0,0.0,0.00016919342,0.0,0.0,0.0,0.0002960885,0.0030877797,0.049023792,0.0,0.0046951175,0.013577771,0.0,0.0009728621,0.0016919342,0.0,8.459671e-05,0.011758942,0.0,0.0,0.022164337,0.0,0.0,0.010151605,0.0,0.0,0.0013958457,0.0,0.0,4.2298354e-05,0.0,0.0,0.0,0.0,0.0,0.0,0.0,0.0,0.0,0.0,0.0,0.0,8.459671e-05,0.0035530617,0.035911303,4.2298354e-05,0.0013535473,0.014212247,0.0,0.00033838683,0.012689507,0.00016919342,0.0,0.0020726193,0.0,0.0,0.00050758023,4.2298354e-05,0.0,0.00042298355,4.2298354e-05,0.0,8.459671e-05,0.0,0.0,0.0,0.0,0.0,0.0,0.0,0.0,0.0,0.0,0.0,0.0,4.2298354e-05,0.0,0.0,0.0006344753,0.011082169,0.3363142,0.0019457242,0.0066408417,0.27781558,0.003214675,0.00719072,0.14812884,0.0057948744,0.007994389,0.08091675,0.011632048,0.013450877,0.12131168,0.0040183435,0.06581624,0.14305304,0.002368708,0.010236202,0.06560475,0.0009728621,0.0042721336,0.060148258,0.000719072,0.01387386,0.046739683,0.00076137035,0.0014804424,0.022756515,0.0002960885,0.0006344753,0.01078608,0.0010574588,0.00033838683,0.0050758026,0.0010574588,0.013027893,0.20540081,0.004991206,0.012139628,0.089799404,0.007782897,0.019880226,0.06120572,0.023517884,0.051561695,0.10257351,0.067169785,0.15409291,0.15189339,0.030877799,0.413974,0.06255926,0.014000755,0.43017426,0.04238295,0.00977092,0.07749058,0.0036376584,0.0067677367,0.019584138,0.00016919342,0.0055833827,0.0059217694,0.0,0.0040183435,0.0022841112,0.0,0.01463523,0.00067677366,0.00016919342,0.0009305638,0.005244996,0.07791357,0.001565039,0.004864311,0.013281683,0.0013535473,0.0055833827,0.014804424,0.0019457242,0.020218613,0.024025464,0.0016073375,0.024998328,0.034811545,0.001565039,0.0075714053,0.023602482,0.0011420556,0.00088826544,0.013281683,0.00050758023,0.00088826544,0.0045682224,0.00025379012,8.459671e-05,4.2298354e-05,0.0002960885,4.2298354e-05,0.0,0.00016919342,0.0,0.0,0.00076137035,0.0,0.0,0.00042298355,0.0032992717,0.05545314,0.0020726193,0.0040183435,0.021614458,0.0009728621,0.004441327,0.030581709,0.00042298355,0.011039871,0.011378258,0.00021149177,0.004060642,0.0019034259,8.459671e-05,0.0029185864,0.00016919342,8.459671e-05,0.003003183,8.459671e-05,0.00012689506,0.001565039,0.0,4.2298354e-05,0.00050758023,0.0,8.459671e-05,8.459671e-05,0.0,0.0,0.0,0.0,8.459671e-05,0.0,0.0
beidou,0.04947969,0.0015346145,0.042690184,0.1274195,0.008603142,0.09858735,0.0073010447,0.042690184,0.2226121,0.019112926,0.020042995,0.13881285,0.011439853,0.056548215,0.16545933,0.006649996,0.0911468,0.02762306,0.004789857,0.0925419,0.01167237,0.0026972012,0.03111082,0.0018601387,0.001395104,0.0070220237,4.650347e-05,0.0009765729,0.004603843,0.0,0.0005115381,0.002976222,0.0,0.010742301,0.006138458,0.0,0.00093006936,0.0,0.008277617,0.00018601387,0.0,0.0001395104,0.00023251734,0.0,0.00023251734,0.0,0.0,0.003069229,0.0,0.0004185312,0.0009765729,0.0,4.650347e-05,0.0,4.650347e-05,0.00018601387,0.0002790208,4.650347e-05,0.00018601387,0.0,0.0,9.300694e-05,0.0,0.0,9.300694e-05,0.0,0.0,0.0,0.0,4.650347e-05,0.0,0.0,0.0012090902,4.650347e-05,0.0011160832,4.650347e-05,0.0,0.0,0.0002790208,0.0,0.0,9.300694e-05,0.0,0.0,0.0,0.0,0.0,0.0,0.0,0.0,0.0,0.0,0.0,4.650347e-05,0.0,0.0,0.0,0.0,0.0,0.0,0.0,0.0,0.0,0.0,0.0,4.650347e-05,0.0,0.0,0.001488111,0.0002790208,0.001488111,0.0033017462,0.00037202775,0.0013020971,0.0039062914,0.00023251734,0.000790559,0.003673774,0.0,0.0,0.0024181805,0.0,0.0,0.00088356587,0.0,0.0,9.300694e-05,0.0,0.0,4.650347e-05,0.0,0.0,4.650347e-05,0.0,0.0,9.300694e-05,0.0,0.0,0.0,0.0,0.0,4.650347e-05,0.0,0.0,9.300694e-05,0.002976222,0.28999564,0.00032552428,0.004650347,0.017066773,0.00065104855,0.0035342635,0.042690184,0.001395104,0.01260244,0.20136002,0.00065104855,0.009765728,0.29613408,0.0004185312,0.028785646,0.010788805,0.00018601387,0.0054874094,0.0049293675,0.00023251734,0.0016276214,0.00227867,9.300694e-05,0.0019531457,0.00046503468,0.00037202775,0.0026972012,0.0016741249,0.0004185312,0.0016741249,9.300694e-05,0.00227867,0.0010695797,0.0,0.0005580416,0.01139335,0.014695096,0.0066964994,0.020787051,0.011858384,0.007161534,0.027390543,0.037156273,0.007673072,0.06617443,0.06905765,0.0054874094,0.27660263,0.2561411,0.10314469,0.28725192,0.11751427,0.009579714,0.0093937,0.0844503,0.0026041942,0.0039992984,0.015671669,0.00065104855,0.0017671317,0.0057199267,0.00023251734,0.0004185312,0.0002790208,0.0005115381,0.00023251734,9.300694e-05,0.0033017462,0.0004185312,0.0,0.0023251735,0.009812232,0.0456199,0.033715013,0.023949286,0.030506276,0.20145303,0.09551813,0.020136002,0.033994034,0.028878653,0.00911468,0.022833202,0.006370975,0.009812232,0.008556638,0.001581118,0.0069755204,0.004975871,0.000790559,0.002371677,0.002883215,0.000697552,0.0017206284,0.0013020971,0.0006045451,0.00032552428,0.0012555936,0.000790559,0.00046503468,0.0010230762,0.00088356587,0.00032552428,0.0033482497,0.0002790208,4.650347e-05,0.0016741249,0.011067825,0.07324296,0.05752479,0.025855929,0.026227957,0.38407215,0.04129508,0.021019567,0.18559535,0.20229009,0.013346495,0.06789506,0.061617095,0.001488111,0.029204179,0.019112926,0.00032552428,0.017717822,0.06929017,0.005952444,0.011765378,0.082404144,0.011160832,0.009626218,0.09477407,0.19219883,0.011765378,0.023437748,0.03566816,0.009719225,0.007719576,0.0043248227,0.016276214,0.0026506977,4.650347e-05
bennett,0.0049957028,0.0018017289,0.10249381,0.0061013093,0.013635811,0.2140372,0.028049642,0.072273895,0.32902026,0.029687578,0.05773722,0.1089227,0.030260855,0.079931244,0.06854759,0.06912087,0.102821395,0.071004495,0.032308273,0.102575704,0.12702188,0.0083125215,0.034028105,0.2974081,0.005241393,0.016092714,0.062773876,0.0045452705,0.031366464,0.068179056,0.0015560386,0.026616449,0.01744401,0.0053642383,0.046435468,0.0018836256,0.0013512967,0.0008189677,0.093403265,0.0018426772,0.0071250186,0.03234922,0.005773722,0.006961225,0.015765127,0.0054870835,0.0022931094,0.028541023,0.001924574,0.0036034577,0.022071179,0.0007780193,0.0013512967,0.13312319,0.00061422575,0.0004913806,0.017157372,0.00028663868,0.00036853546,0.0020064707,0.00016379353,0.00032758707,0.0068793283,0.00012284514,0.00028663868,0.0013103483,0.0,4.0948384e-05,0.00020474193,8.189677e-05,0.0,0.0,0.00057327736,0.0004504322,0.0020064707,0.00040948385,0.0007780193,0.00016379353,8.189677e-05,0.0,0.0,0.00020474193,0.0,0.0,0.00012284514,4.0948384e-05,0.0,0.00012284514,0.0,0.0,0.00020474193,8.189677e-05,0.0,0.00016379353,0.00012284514,0.0,0.00020474193,0.00016379353,0.0,0.00040948385,8.189677e-05,0.0,0.00020474193,4.0948384e-05,0.0,0.0004913806,8.189677e-05,0.0,0.00036853546,0.00032758707,0.0007370709,0.00020474193,0.0004504322,0.0,0.00016379353,0.00012284514,0.0,0.00020474193,4.0948384e-05,0.0,4.0948384e-05,0.00016379353,0.0,8.189677e-05,4.0948384e-05,0.0,0.00028663868,0.00028663868,0.0,0.00016379353,0.0004504322,0.0,0.00020474193,8.189677e-05,0.0,4.0948384e-05,0.0,0.0,0.0,0.0,0.0,0.0,0.0,0.0,0.0017607805,0.00012284514,0.0022931094,0.0024159546,0.00057327736,0.0,0.0021293159,0.00065517414,0.00012284514,0.0023750062,0.0017198321,0.00012284514,0.0043405285,0.014454779,8.189677e-05,0.004094838,0.053560484,0.0011465547,0.003971993,0.021702643,0.0010646579,0.0033577674,0.0067974315,0.00085991604,0.0027435417,0.0022931094,0.00032758707,0.0018017289,0.00065517414,8.189677e-05,0.0013103483,8.189677e-05,0.0,0.0030711289,0.0,0.0,0.0062241545,0.0022112126,0.0038081997,0.028991455,0.011097012,0.00040948385,0.01875436,0.014659521,0.00036853546,0.021211263,0.012243567,0.0,0.25072697,0.27427226,0.0,0.33098578,0.018303927,0.0,0.22181739,0.0035625093,0.0,0.024200495,0.00065517414,0.0,0.012284515,4.0948384e-05,0.0,0.0066745863,0.0,0.0,0.0048728576,0.0,0.0,0.013062535,0.0,0.0,0.0101961475,0.00986856,0.0027025933,0.027476365,0.00835347,0.00016379353,0.00810778,0.0033577674,0.0,0.009172438,0.003316819,0.0,0.2984318,0.10662959,0.0,0.21436478,0.009090541,0.0,0.014823315,0.0011875031,0.0,0.0034396641,0.0002456903,0.0,0.0014331935,0.0,0.0,0.00036853546,0.0,0.0,0.0002456903,0.0,0.0,0.00032758707,0.0,0.0,0.003193974,0.0009008644,0.001924574,0.012284515,0.0044224253,0.00032758707,0.009950457,0.0037263029,0.00012284514,0.0027844901,0.004831909,4.0948384e-05,0.0069202767,0.21567513,4.0948384e-05,0.0007780193,0.34883928,0.0,0.0007780193,0.007903038,0.0,0.0004504322,0.0033987158,0.0,0.00032758707,0.0010646579,0.0,0.00020474193,0.00040948385,0.0,4.0948384e-05,0.0004504322,0.0,8.189677e-05,0.00012284514,0.0
blank,0.0,0.0,0.0,0.0,0.0,0.0,0.0,0.0,0.005440647,0.0,0.0,0.98176855,0.0,0.18973298,0.010115005,0.0,0.0,0.0,0.0,0.0,0.0,0.0,0.0,0.0,0.0,0.0,0.0,0.0,0.0,0.0,0.0,0.0,0.0,0.0,0.0,0.0,0.0,0.0,0.0,0.0,0.0,0.0,0.0,0.0,0.0,0.0,0.0,0.0,0.0,0.0,0.0,0.0,0.0,0.0,0.0,0.0,0.0,0.0,0.0,0.0,0.0,0.0,0.0,0.0,0.0,0.0,0.0,0.0,0.0,0.0,0.0,0.0,0.0,0.0,0.0,0.0,0.0,0.0,0.0,0.0,0.0,0.0,0.0,0.0,0.0,0.0,0.0,0.0,0.0,0.0,0.0,0.0,0.0,0.0,0.0,0.0,0.0,0.0,0.0,0.0,0.0,0.0,0.0,0.0,0.0,0.0,0.0,0.0,0.0,0.0,0.0,0.0,0.0,0.0,0.0,0.0,0.0,0.0,0.0,0.0,0.0,0.0,0.0,0.0,0.0,0.0,0.0,0.0,0.0,0.0,0.0,0.0,0.0,0.0,0.0,0.0,0.0,0.0,0.0,0.0,0.0,0.0,0.0,0.0,0.0,0.0,0.0,0.0,0.0,0.0,0.0,0.0,0.0,0.0,0.0,0.0,0.0,0.0,0.0,0.0,0.0,0.0,0.0,0.0,0.0,0.0,0.0,0.0,0.0,0.0,0.0,0.0,0.0,0.0,0.0,0.0,0.0,0.0,0.0,0.0,0.0,0.0,0.0,0.0,0.0,0.0,0.0,0.0,0.0,0.0,0.0,0.0,0.0,0.0,0.0,0.0,0.0,0.0,0.0,0.0,0.0,0.0,0.0,0.0,0.0,0.0,0.0,0.0,0.0,0.0,0.0,0.0,0.0,0.0,0.0,0.0,0.0,0.0,0.0,0.0,0.0,0.0,0.0,0.0,0.0,0.0,0.0,0.0,0.0,0.0,0.0,0.0,0.0,0.0,0.0,0.0,0.0,0.0,0.0,0.0,0.0,0.0,0.0,0.0,0.0,0.0,0.0,0.0,0.0,0.0,0.0,0.0,0.0,0.0,0.0,0.0,0.0,0.0,0.0,0.0,0.0,0.0,0.0,0.0,0.0,0.0,0.0,0.0,0.0,0.0,0.0,0.0,0.0,0.0,0.0,0.0,0.0,0.0,0.0,0.0,0.0,0.0,0.0,0.0,0.0,0.0,0.0,0.0
chongyun,0.00074941735,0.0005932887,0.03437952,0.0001561286,0.0027166377,0.06348189,0.0001561286,0.004153021,0.08312287,0.0001561286,0.0029976694,0.10435636,0.0001561286,0.0110226795,0.0920222,0.00018735434,0.01233416,0.027135152,3.122572e-05,0.012302934,0.0075566247,0.0,0.002123349,0.00090554595,0.0,0.00040593438,0.00040593438,0.0,0.00034348294,6.245144e-05,0.0,0.00018735434,0.0,3.122572e-05,0.0004371601,0.0,0.00012490289,0.0009992231,0.021389619,3.122572e-05,0.000780643,0.014332606,3.122572e-05,0.00034348294,0.004496504,0.0,0.0,0.00096799736,0.0,0.0,0.00021858005,0.0,0.0,0.0,3.122572e-05,0.0,0.0,0.0,0.0,0.0,0.0,0.0,0.0,0.0,0.0,0.0,0.0,0.0,0.0,0.0,0.0,0.0,0.00018735434,0.000780643,0.0047463095,0.00012490289,6.245144e-05,6.245144e-05,9.367717e-05,0.0,0.0,3.122572e-05,0.0,0.0,0.0,0.0,0.0,3.122572e-05,0.0,0.0,0.0,0.0,0.0,0.0,0.0,0.0,0.0,0.0,0.0,0.0,0.0,0.0,0.0,0.0,0.0,0.0001561286,0.0,0.0,0.0001561286,0.00065574015,0.007431722,0.0006869659,0.00081186875,0.00074941735,0.0005308373,9.367717e-05,0.0,0.00040593438,0.0,0.0,0.0001561286,0.0,0.0,0.00012490289,0.0,0.0,9.367717e-05,0.0,0.0,0.0,0.0,0.0,0.0,0.0,0.0,0.0,0.0,0.0,0.0,0.0,0.0,0.0,0.0,0.0,0.0002810315,0.0013739318,0.54869837,0.0019359947,0.05124141,0.24868165,0.022638649,0.09792386,0.36287412,0.20621467,0.030757336,0.34335804,0.13542596,0.05670591,0.35881478,0.1661833,0.17751823,0.21882986,0.019703431,0.08736957,0.12034393,0.007619076,0.0866826,0.03516016,0.021389619,0.06073403,0.041623887,0.0454022,0.02604225,0.017892338,0.008743202,0.006682304,0.0020921233,0.008743202,0.0016237375,0.0002810315,9.367717e-05,0.000780643,0.0040905694,0.0005932887,0.0010616746,0.001904769,0.0010304488,0.00024980577,0.00065574015,0.000780643,3.122572e-05,0.0,0.00021858005,0.0,0.0,0.0,3.122572e-05,0.0,3.122572e-05,9.367717e-05,0.0,3.122572e-05,3.122572e-05,0.0,3.122572e-05,0.00065574015,0.0,9.367717e-05,0.0007181916,0.0,3.122572e-05,0.00012490289,0.0,0.00049961155,0.0,0.0,0.00024980577,0.0006245144,0.00090554595,6.245144e-05,0.0004683858,0.000780643,6.245144e-05,6.245144e-05,0.0,0.0,0.0,0.0,0.0,0.0,0.0,0.0,0.0,0.0,0.0,0.0,0.0,0.0,0.0,0.0,0.0,0.0,0.0,0.0,0.0,0.0,0.0,0.0,0.0,0.0,0.0,0.0,0.00012490289,0.0003122572,0.0010929003,0.0001561286,0.00065574015,0.00081186875,9.367717e-05,0.00018735434,3.122572e-05,6.245144e-05,6.245144e-05,0.0,0.0,6.245144e-05,0.0,0.0,9.367717e-05,0.0,0.0,3.122572e-05,0.0,0.0,0.0,0.0,0.0,0.0,0.0,0.0,0.0,0.0,0.0,0.0,0.0,0.0,0.0,0.0
collei,0.0073644146,0.0041827015,0.061668035,0.049441677,0.006971169,0.18403886,0.022522239,0.029779404,0.16201712,0.011797363,0.03953904,0.19698021,0.01208336,0.16244611,0.29976028,0.010689125,0.10199357,0.07064118,0.015729817,0.29371858,0.026418943,0.012405106,0.034641348,0.010617627,0.0037179568,0.011547116,0.0032532122,0.0010009884,0.0037179568,0.012476605,0.00035749585,0.0007507413,0.0036464576,0.0022164742,3.5749585e-05,0.0009652388,0.00017874793,0.00085799,0.017517297,0.003181713,0.0051121907,0.010903623,0.010653377,0.015372321,0.062669024,0.021271003,0.03953904,0.237556,0.031924378,0.1467163,0.5276996,0.046796206,0.3359031,0.28231448,0.0389313,0.18049966,0.12909175,0.03789456,0.015980065,0.003932454,0.004468698,0.0042899502,0.0007507413,0.0007149917,0.0024309717,0.0047189454,0.00032174625,0.0002502471,0.0043614493,0.0002502471,0.00010724875,7.149917e-05,0.00014299834,0.003610708,0.0009294892,0.00067924213,0.0010009884,0.00089373963,0.0004647446,0.00017874793,3.5749585e-05,0.00078649085,0.00017874793,0.00010724875,0.0023594727,0.00017874793,3.5749585e-05,0.009509389,3.5749585e-05,7.149917e-05,0.017016802,0.00010724875,7.149917e-05,0.014264084,0.00035749585,7.149917e-05,0.008472651,0.00014299834,0.0,0.0065064244,0.0002144975,0.0,0.0025382205,0.0,0.0,0.0027169685,0.0,0.0,7.149917e-05,0.0019304776,0.0025382205,0.0005004942,0.0006077429,0.0012512355,0.0013584843,0.00014299834,0.00039324543,0.0015729817,0.00014299834,0.0,0.002502471,0.00010724875,0.0,0.0028599668,0.0,0.0,0.0036822073,0.0,0.0,0.0009294892,0.0,0.0,0.00010724875,0.0,0.0,0.00014299834,0.0,0.0,7.149917e-05,0.0,0.0,7.149917e-05,0.0,0.0,7.149917e-05,0.006113179,0.015622568,0.00010724875,0.0006434925,0.0129056005,0.0002502471,0.00089373963,0.011547116,0.00017874793,0.002502471,0.010653377,0.00067924213,0.012369356,0.0069354195,0.0005004942,0.0021449751,0.0007149917,0.0008222404,0.00035749585,0.0,0.00085799,0.0,0.0,0.0007507413,0.0,0.0,0.000428995,0.0,0.0,0.00032174625,0.0,0.0,0.00035749585,0.0,0.0,7.149917e-05,0.0028957163,0.0006077429,0.0014657329,0.00010724875,0.0,0.0016087313,0.0002502471,0.0,0.0007149917,0.0,0.0,0.000428995,0.0,0.0,0.0002144975,0.0,0.0,0.00010724875,0.0,0.0,0.0,0.0,0.0,0.0,0.0,0.0,0.0,0.0,0.0,0.0,0.0,0.0,0.0,0.0,0.0,0.0037537063,0.0012512355,0.0002144975,0.19912519,0.0120118605,0.0,0.05870082,0.0015372322,0.0,0.006113179,0.0,0.0,0.00085799,0.0,0.0,0.00010724875,0.0,0.0,3.5749585e-05,0.00010724875,0.0,0.0,3.5749585e-05,0.0,0.0,0.0,0.0,0.0,0.0,0.0,0.0,0.0,0.0,0.0,0.0,0.0,0.0053266883,0.0011797363,0.00028599668,0.10967973,0.011368368,0.0005004942,0.03621433,0.025954198,0.00014299834,0.0033962105,0.0011797363,0.0011797363,0.0005362438,0.00035749585,0.0015014826,0.0006077429,0.002502471,0.0022879734,0.00035749585,0.0013584843,0.0006077429,0.00010724875,3.5749585e-05,0.000428995,7.149917e-05,0.0,0.000428995,0.00014299834,0.0,0.0,7.149917e-05,0.0,0.0,0.0,0.0,0.0
cyno,0.0023519064,0.02439664,0.09597182,0.009583141,0.10341367,0.15782344,0.006248348,0.019482208,0.3428518,0.0039315447,0.039034624,0.46574765,0.005300565,0.05518204,0.3226324,0.0057920082,0.06708199,0.47691044,0.0020008755,0.15922756,0.2474416,0.0011584016,0.14227279,0.07873621,0.0006669585,0.057744566,0.016954787,0.00021061848,0.017972777,0.019903446,0.00010530924,0.008249223,0.0036858234,0.00063185545,0.0047389157,0.00042123697,0.00056164927,0.00038613388,0.045353178,0.00031592773,0.0001755154,0.059991162,0.0001755154,0.00014041232,0.026116692,0.00014041232,3.510308e-05,0.048056114,0.0,0.0,0.059885852,0.0,3.510308e-05,0.045177665,0.0,0.0,0.0011584016,0.0,0.0,0.0,0.0,0.0,0.00028082464,0.0,0.0,0.0,0.0,0.0,0.0,0.0,0.0,0.0,0.0003510308,0.00010530924,0.008108811,3.510308e-05,0.0,0.0,0.0,0.0,0.0,0.0,0.0,0.0,0.0,0.0,0.0,0.0,0.0,0.0,0.0,0.0,0.0,0.0,0.0,0.0,0.0,0.0,0.0,0.0,0.0,0.0,0.0,0.0,0.0,0.0,0.0,0.0,0.00010530924,3.510308e-05,0.007512059,0.0,0.0,0.0,0.0,0.0,0.0,0.0,0.0,0.0,0.0,0.0,0.0,0.0,0.0,0.0,0.0,0.0,0.0,0.0,0.0,0.0,0.0,0.0,0.0,0.0,0.0,0.0,0.0,0.0,0.0,0.0,0.0,0.0,0.0003510308,0.00010530924,0.006704688,0.00031592773,0.0,7.020616e-05,0.0004914431,0.0,0.0,0.00045634003,0.0,0.0,0.00024572155,0.0,0.0,7.020616e-05,0.0,0.0001755154,0.0,0.0,3.510308e-05,0.00010530924,0.0,0.0,7.020616e-05,0.0,0.0,3.510308e-05,0.0,0.0,0.0,0.0,0.0,0.0,0.0,0.0,0.00042123697,0.00028082464,0.0034752048,0.0025274218,0.0012286077,0.003089071,0.004493194,0.0024221125,0.0014041231,0.0039315447,0.010495821,0.007371647,0.0033698957,0.008214121,0.034120195,0.0031592771,0.0029486588,0.10892486,0.0023168032,0.0020359787,0.036647614,0.0016498447,7.020616e-05,0.007476956,0.0016147416,3.510308e-05,0.00091268006,0.00063185545,0.0,3.510308e-05,0.0005265462,0.0,0.0,0.003124174,0.0,0.0,0.00084247394,0.00077226775,0.014427366,0.0193769,0.081684865,0.13367252,0.022360662,0.005721802,0.0008073708,0.025379525,0.0036156173,7.020616e-05,0.022290455,0.0009477831,0.0,0.0072312346,0.00028082464,0.0,0.0029486588,0.0,0.0,0.0011232985,0.0,0.0,0.00045634003,0.0,0.0,0.00014041232,0.0,0.0,0.0,0.0,0.0,0.00084247394,0.0,0.0,0.0014743294,0.005756905,0.050372917,0.12942505,0.11808676,0.15487479,0.20637101,0.04377354,0.004914431,0.052514207,0.004879328,0.0,0.027310196,0.0017200509,0.0,0.0049495343,0.00024572155,0.0,0.0015445355,0.0,0.0,0.0006669585,0.0,0.0,0.0003510308,0.0,0.0,0.00024572155,0.0,0.0,0.0001755154,0.0,0.0,0.0005265462,0.0,0.0
diluc,0.023637846,0.013373552,0.08664713,0.027533783,0.06525694,0.10185627,0.1593588,0.1537022,0.086309984,0.091329746,0.13530888,0.1645284,0.05102179,0.07372311,0.15445141,0.01888031,0.061323542,0.13579588,0.010826209,0.092865646,0.17835149,0.005881366,0.19738165,0.19445969,0.006293436,0.06536932,0.13493428,0.012287185,0.026822025,0.025286127,0.006330897,0.00483246,0.000524453,0.015433903,0.0017981246,0.0,0.0013485935,0.0018730465,0.026260111,0.0018730465,0.0007117577,0.007080116,0.0014984373,0.0005993749,0.002659726,0.00056191394,0.00014984372,0.0047200774,0.00044953116,0.0002622265,0.00161082,0.00014984372,0.00014984372,0.0006368358,0.00011238279,0.0,0.00041207022,3.746093e-05,0.0,0.0,3.746093e-05,0.0,0.0,0.0,0.0,0.0,0.0,0.0,0.0,0.0002622265,0.0,0.0,0.0010114451,0.0008990623,0.0006368358,0.0009739842,0.00011238279,0.0,0.00041207022,0.0,0.0,0.00033714838,0.0,0.0,0.00018730466,0.0,0.0,0.0,0.0,0.0,0.0,0.0,0.0,7.492186e-05,0.0,0.0,0.0,0.0,0.0,0.0,0.0,0.0,0.0,0.0,0.0,0.0,0.0,0.0,0.00082414044,0.0011238279,0.0002622265,0.0009739842,0.00044953116,3.746093e-05,0.0006368358,0.00018730466,3.746093e-05,0.000524453,7.492186e-05,0.0,0.00041207022,0.0,0.0,0.00033714838,0.0,0.0,0.00014984372,0.0,0.0,0.00022476558,0.0,0.0,3.746093e-05,0.0,0.0,3.746093e-05,0.0,0.0,0.0,0.0,0.0,0.00067429675,0.0,0.0,0.0015358981,0.009515076,0.0007117577,0.002659726,0.017419333,0.0,0.0034464055,0.027908392,0.0,0.005356913,0.03937144,3.746093e-05,0.0044953115,0.023300698,0.0,0.0050946865,0.022289254,3.746093e-05,0.009852225,0.022289254,0.0,0.056303777,0.022064488,0.0,0.156287,0.03431421,0.0,0.27211618,0.093727246,0.0,0.013935466,0.0050572255,0.0,0.01453484,0.0017606637,0.0,0.0015358981,0.0020228901,0.00033714838,0.0035587884,0.00022476558,0.0,0.0035962493,0.0003746093,0.0,0.0028470308,0.00029968744,0.0,0.0016857418,7.492186e-05,0.0,0.001573359,0.0,0.0,0.0014984373,0.0,0.0,0.0008990623,0.0,0.0,0.0007492186,0.0,0.0,0.0003746093,0.0,0.0,0.00011238279,0.0,0.0,0.0066680457,0.0,0.0,0.002135273,0.002172734,0.00041207022,0.008578553,0.008803318,0.0,0.03019351,0.00161082,0.0,0.026747104,0.0002622265,0.0,0.011088436,7.492186e-05,0.0,0.0061061317,0.0,0.0,0.004345468,0.0,0.0,0.0023600387,0.0,0.0,0.0013111326,0.0,0.0,0.0003746093,0.0,0.0,0.00018730466,0.0,0.0,0.002697187,0.0,0.0,0.0019105074,0.0033340228,0.0012736716,0.032778315,0.06495725,0.0002622265,0.61125,0.12560649,0.00011238279,0.39049274,0.026409956,0.00033714838,0.044054054,0.010226834,0.0031092572,0.011762732,0.004233085,0.00044953116,0.006555663,0.0013485935,0.00033714838,0.0031092572,0.00067429675,0.0006368358,0.002210195,0.0013485935,0.0008990623,0.0014235154,0.0011238279,0.00033714838,0.0009739842,0.0007492186,0.0,0.0018730465,0.00041207022,0.0
diona,0.0006742287,0.0020813146,0.19400197,0.0016709146,0.010816974,0.6844594,0.0017588575,0.045525093,0.30369607,0.001905429,0.052384637,0.24257576,0.003634972,0.32386428,0.2689,0.003429772,0.039251834,0.29616228,0.0031952576,0.05220875,0.124820255,0.0029900577,0.047723666,0.12250442,0.0032832006,0.03532372,0.030955892,0.0042212578,0.020959718,0.0021399432,0.0042212578,0.0114618875,0.000117257165,0.011520516,0.0088236015,0.0,0.00023451433,0.0014070859,0.025650004,0.000117257165,0.0006156001,0.024829205,8.794287e-05,0.00043971438,0.0065077725,8.794287e-05,0.000908743,0.0048954864,0.00014657146,0.0063612014,0.01263446,0.00020520003,0.04030715,0.028288292,0.0,0.014041546,0.037258465,0.0,0.0017881717,0.0017002289,0.0,0.0,2.9314291e-05,0.0,0.0,0.0,0.0,0.0,0.0,0.0,0.0,0.0,0.000117257165,0.0003810858,0.0005569715,2.9314291e-05,0.0,0.000117257165,0.0,0.0,0.0003810858,2.9314291e-05,0.0,0.0,0.0,0.0012605145,0.0,0.0,0.0048661726,0.0,0.0,0.0003810858,0.0,0.0,0.00017588574,0.0,0.0,0.0,0.0,0.0,0.0,0.0,0.0,0.0,0.0,0.0,0.0,0.0,5.8628582e-05,0.00023451433,0.0005569715,2.9314291e-05,0.00017588574,0.00023451433,0.000117257165,8.794287e-05,0.00035177148,0.0,0.000117257165,0.0007621716,0.0,0.00043971438,0.0002638286,0.0,0.0010553144,0.00020520003,0.0,0.0002638286,0.0,0.0,8.794287e-05,0.0,0.0,2.9314291e-05,0.0,0.0,0.0,0.0,0.0,0.0,0.0,0.0,0.0,0.0,0.00017588574,0.001612286,0.0032832006,0.0006449144,0.00017588574,0.00043971438,0.0002638286,0.0002638286,0.00082080014,0.0005276572,0.0012605145,0.0013191431,0.00029314292,0.0010846287,0.0016709146,0.0002638286,0.00085011445,0.00017588574,0.00017588574,0.0005569715,2.9314291e-05,0.00014657146,0.00014657146,2.9314291e-05,8.794287e-05,0.000117257165,0.0,5.8628582e-05,2.9314291e-05,0.0,0.0,0.0,0.0,8.794287e-05,0.0,0.0,0.00043971438,0.0014657145,0.0026969148,0.0054524583,0.012575831,0.0050127436,0.057573266,0.02459469,0.0005276572,0.09714756,0.05813024,0.0006156001,0.02002166,0.036701493,0.0010846287,0.01802829,0.0063905152,0.0003810858,0.0097616585,0.005247258,8.794287e-05,0.0060094297,0.0019640576,0.00029314292,0.0028728005,0.00014657146,0.0006449144,0.0018761146,2.9314291e-05,0.00058628584,0.00073285727,0.0,0.00014657146,0.0011432574,0.0,0.0,0.00058628584,0.0024624004,0.047459837,0.011168745,0.012839659,0.010875602,0.016152175,0.00908743,0.0017295432,0.01802829,0.0017295432,0.00014657146,0.0012605145,0.00043971438,0.0,0.00046902866,0.0,0.0,5.8628582e-05,0.0,0.0,5.8628582e-05,0.0,0.0,5.8628582e-05,0.0,0.0,0.0,0.0,0.0,0.0,0.0,0.0,0.0,0.0,0.0,0.00035177148,0.0012898288,0.038284466,0.004162629,0.037258465,0.023216918,0.0077976016,0.008120059,0.017940346,0.0028434861,0.0026382862,0.0077096587,0.0016416003,0.0026382862,0.008032116,0.0013484574,0.0022865147,0.021956405,0.00082080014,0.0021106289,0.0039574294,0.0006156001,0.0022865147,0.00014657146,0.00046902866,0.00085011445,5.8628582e-05,0.0005276572,0.00058628584,0.0,0.0003224572,0.0002638286,0.0,0.00017588574,0.0,0.0
eula,0.0,0.000111960835,0.085202195,3.732028e-05,0.0012315692,0.043888647,0.0,0.0029856223,0.029669622,0.0,0.003732028,0.010188436,0.0,0.0032468643,0.0035454265,0.0,0.0024631384,0.00134353,0.0,0.0011196083,0.0008956867,0.0,0.00029856223,0.00041052306,0.0,0.00026124195,7.464056e-05,0.0,7.464056e-05,0.0,0.0,0.0,0.0,0.0,0.0,0.0,0.0,7.464056e-05,0.0066056894,0.0,0.0,0.00074640557,0.0,0.0,0.000671765,0.0,0.0,0.00029856223,0.0,0.0,0.0,0.0,0.0,0.0,0.0,0.0,0.0,0.0,0.0,0.0,0.0,0.0,0.0,0.0,0.0,0.0,0.0,0.0,0.0,0.0,0.0,0.0,0.0,3.732028e-05,0.002836341,0.0,0.0,0.0,0.0,0.0,0.0,0.0,0.0,0.0,0.0,0.0,0.0,0.0,0.0,0.0,0.0,0.0,0.0,0.0,0.0,0.0,0.0,0.0,0.0,0.0,0.0,0.0,0.0,0.0,0.0,0.0,0.0,0.0,0.0,7.464056e-05,0.0007837259,0.0,0.0,7.464056e-05,0.0,0.0,0.0,0.0,0.0,0.0,0.0,0.0,0.0,0.0,0.0,0.0,0.0,0.0,0.0,0.0,0.0,0.0,0.0,0.0,0.0,0.0,0.0,0.0,0.0,0.0,0.0,0.0,0.0,0.0,3.732028e-05,0.00014928111,0.040641785,0.0,0.00037320278,0.15838726,3.732028e-05,0.00037320278,0.15708105,0.0,0.003732028,0.13151667,0.0,0.026124194,0.16588864,3.732028e-05,0.02403426,0.13524869,0.00022392167,0.0294457,0.18451145,0.0019033342,0.07210278,0.11546894,0.00675497,0.096249,0.117670834,0.00668033,0.022989292,0.035193022,0.010039154,0.014219026,0.014330987,0.017130008,0.013062097,0.0066056894,0.0,0.000111960835,0.27826,0.0,0.001866014,0.43896112,3.732028e-05,0.0058592837,0.14700457,0.00014928111,0.028885895,0.08404527,0.0008956867,0.046239823,0.11360293,0.002276537,0.1054671,0.09311409,0.019779747,0.5102055,0.11565554,0.094942786,0.32640314,0.013659222,0.028997857,0.14401895,0.028960535,0.019107983,0.03470786,0.0051501985,0.020003669,0.017241968,0.00044784334,0.036312632,0.010897521,0.0,0.0,0.00029856223,0.069938205,3.732028e-05,0.0035827467,0.0073147747,0.000111960835,0.011308044,0.015338634,0.00044784334,0.022242885,0.0007837259,0.00018660139,0.01071092,0.0,0.00044784334,0.0015301314,0.0,0.0003358825,0.00059712445,0.0,0.000111960835,0.0003358825,0.0,0.00029856223,0.00018660139,0.0,0.00022392167,3.732028e-05,0.0,7.464056e-05,0.000111960835,0.0,0.0003358825,0.0,0.0,0.0,0.00022392167,0.1936176,0.0,0.0059712445,0.011867848,7.464056e-05,0.0116812475,0.0060832053,0.0003358825,0.012464973,0.00070908526,0.00026124195,0.009218109,0.00055980415,0.00014928111,0.002015295,0.00029856223,0.0005224839,0.0008583664,0.00022392167,0.00022392167,0.00029856223,0.000111960835,3.732028e-05,0.00026124195,0.0,0.000111960835,0.00014928111,0.0,7.464056e-05,3.732028e-05,0.0,3.732028e-05,0.0,0.0
fatui_pyro_agent,0.040829252,0.03867581,0.04492079,0.024420027,0.109868586,0.30023283,0.021577485,0.24463096,0.25957584,0.02950215,0.24424334,0.39623323,0.049959842,0.027391776,0.29644275,0.020716108,0.019639386,0.23136576,0.010422657,0.02579823,0.18222423,0.00809694,0.034756545,0.06430177,0.0039623324,0.098886035,0.07257098,0.004306883,0.019424042,0.023644788,0.0020673038,0.0039623324,0.0040054014,0.009475143,0.0024549232,0.0010767208,0.0059865676,0.0014212714,0.008958316,0.0017227533,0.0013351338,0.0041776765,0.0011628584,0.00064603245,0.011930066,0.0006029636,0.0003014818,0.01584933,4.306883e-05,0.0,0.0013351338,0.0,0.0,0.0,0.00012920648,0.0,0.0,4.306883e-05,0.0,0.0,0.0,0.0,0.0,0.0,0.0,0.0,0.0,0.0,0.0,4.306883e-05,0.0,0.0,0.0037039195,0.00077523896,0.0016366156,0.0011628584,0.00017227532,0.00025841297,0.00086137664,0.0,0.0,0.00025841297,0.0,0.0,4.306883e-05,0.0,0.0,4.306883e-05,0.0,0.0,4.306883e-05,0.0,0.0,4.306883e-05,0.0,0.0,0.0,0.0,0.0,0.0,0.0,0.0,0.0,0.0,0.0,4.306883e-05,0.0,0.0,0.00043068832,0.00012920648,0.0005598948,0.0008183078,0.00017227532,0.00012920648,0.0008183078,0.0,0.0,0.0008183078,0.0,0.0,0.00038761948,0.0,0.0,0.00025841297,0.0,0.0,0.00043068832,0.0,0.0,0.00021534416,0.0,0.0,0.00017227532,0.0,0.0,4.306883e-05,0.0,0.0,0.00012920648,0.0,0.0,0.0010336519,0.0,0.0,0.0049959845,0.0067618066,0.0014212714,0.006115774,0.01843346,8.613766e-05,0.03088035,0.007407839,0.0,0.06223446,0.00025841297,0.0,0.06326811,4.306883e-05,0.0,0.06546462,0.0,0.0,0.055085033,0.0,0.0,0.013695888,0.0,0.0,0.0032732312,0.0,0.0,0.0013351338,0.0,0.0,0.0006891013,0.0,0.0,0.005297466,0.0,0.0,0.008441491,0.040312424,0.0006891013,0.19540328,0.07373384,0.0,0.077997655,0.012834512,0.0,0.052888524,0.00034455064,0.0,0.036996126,0.0,0.0,0.028985323,0.0,0.0,0.013911232,0.0,0.0,0.003574713,0.0,0.0,0.0021534415,0.0,0.0,0.0011628584,0.0,0.0,0.00025841297,0.0,0.0,0.015160228,0.0,0.0,0.027736327,0.032430828,0.00094751426,0.30514267,0.045696028,0.0,0.0909183,0.0018088908,0.0,0.012446892,8.613766e-05,0.0,0.0076662516,4.306883e-05,0.0,0.004522227,0.0,0.0,0.0028856117,0.0,0.0,0.0012489961,0.0,0.0,0.00077523896,0.0,0.0,0.00038761948,0.0,0.0,4.306883e-05,0.0,0.0,0.0047375713,0.0,0.0,0.013566681,0.04345645,0.0064603244,0.16245563,0.11430468,0.019122561,0.118869975,0.14402217,0.026228918,0.099919684,0.040054012,0.00025841297,0.22886777,0.009991969,0.0,0.15134387,0.011843928,4.306883e-05,0.029329874,0.0054697413,0.00021534416,0.013351337,0.004479158,8.613766e-05,0.0062449803,0.0026702676,0.00017227532,0.0034024375,0.002282648,0.00021534416,0.0009905831,0.0012920649,8.613766e-05,0.0029286805,0.00034455064,8.613766e-05
fischl,0.0023418362,0.0005374706,0.15459958,0.00015356303,0.0044917185,0.15767084,0.00015356303,0.0129760755,0.17387174,0.0003455168,0.016623197,0.32720444,0.0003455168,0.020500664,0.109874345,0.0011901135,0.019809632,0.033169616,0.0018811472,0.011670791,0.01113332,0.0016508026,0.009405736,0.00253379,0.0010365505,0.00406942,0.0024186177,0.0012285042,0.0017659748,0.00084459665,0.0004990798,0.0003455168,0.00011517227,0.0006142521,0.00015356303,0.0,0.0,0.00011517227,0.022996064,0.0,0.00015356303,0.021038136,0.0,0.00038390758,0.09317437,7.6781515e-05,0.00046068907,0.062116247,0.0,0.0008062059,0.007716542,0.0,0.0007294244,0.0013436765,0.0,0.0006142521,0.00030712606,0.0,0.00011517227,0.0,0.0,3.8390757e-05,0.00015356303,3.8390757e-05,0.0,0.0,0.0,0.0,0.0003455168,0.0,0.0,0.0,0.0,3.8390757e-05,7.6781515e-05,3.8390757e-05,0.0,0.0,0.0,3.8390757e-05,0.0,0.0,0.00015356303,0.0,0.0,0.00030712606,0.0,0.0,0.0002687353,0.0,0.0,0.0,0.0,0.0,0.0,0.0,0.0,0.0,0.0,0.0,0.0,0.0,0.0,0.0,0.0,0.0,0.0,0.0,3.8390757e-05,0.0,0.00019195379,0.0,0.0,0.0,3.8390757e-05,0.0,0.0,0.0,0.0,0.0,0.0,0.0,0.0,0.0,0.0,0.0,0.0,0.0,0.0,0.0,0.0,0.0,0.0,0.0,0.0,0.0,0.0,0.0,0.0,0.0,0.0,0.0,0.0,0.0,0.00015356303,3.8390757e-05,0.0005374706,0.00011517227,3.8390757e-05,3.8390757e-05,7.6781515e-05,0.0,0.0014972396,0.0,0.0,0.0004990798,0.0,0.0,0.0007294244,0.0,3.8390757e-05,0.00023034454,0.0,0.0,0.0,0.0,0.0,0.0,3.8390757e-05,0.0,0.0,0.0,0.0,0.0,0.0,0.0,0.0,3.8390757e-05,0.0,0.0,0.00015356303,7.6781515e-05,0.00963608,0.00057586137,0.0012285042,0.0045685,0.0026105714,0.05390062,0.043381557,0.025721807,0.18734689,0.030328698,0.20830825,0.33442187,0.08230978,0.22873214,0.23283994,0.04199949,0.101121254,0.20999745,0.03662478,0.042844087,0.045224313,0.007217462,0.025645025,0.020385493,0.0006142521,0.029330539,0.00909861,0.0,0.019694459,0.0036855126,0.0,0.04411098,0.001727584,0.0,7.6781515e-05,0.00042229833,0.011440446,0.0005374706,0.11824353,0.02791008,0.001727584,0.09524747,0.020654228,0.0035703403,0.15018465,0.029752837,0.005413097,0.1491097,0.11666951,0.005221143,0.053516716,0.011440446,0.0018427563,0.010595849,0.001113332,0.00092137814,0.004722063,0.00015356303,0.00030712606,0.001266895,3.8390757e-05,0.00046068907,0.00065264286,0.0,0.00015356303,3.8390757e-05,0.0,0.0006142521,0.0,0.0,3.8390757e-05,0.0003455168,0.007371025,0.00030712606,0.034705244,0.53685635,0.00076781516,0.1324481,0.10315596,0.0026489622,0.07017831,0.007754933,0.004414937,0.009597689,7.6781515e-05,0.0024570085,0.001727584,0.0,0.001113332,0.00065264286,0.0,0.0007294244,0.00023034454,0.0,0.00046068907,3.8390757e-05,0.0,0.00011517227,0.0,0.0,7.6781515e-05,0.0,0.0,7.6781515e-05,0.0,0.0
ganyu,0.00019233837,0.0003077414,0.21037972,0.0,0.0043083797,0.053393133,0.0001538707,0.016579568,0.033197604,0.00053854747,0.009155307,0.1361371,0.0007693535,0.014271507,0.073550195,0.0010386272,0.018733758,0.06427948,0.0013463686,0.014579249,0.023196008,0.0017310454,0.0077320025,0.0030004787,0.0019618515,0.0029235433,0.00038467674,0.0010386272,0.001423304,3.8467675e-05,0.0006154828,0.0009232242,0.0,0.0055008777,0.00034620907,0.0,3.8467675e-05,3.8467675e-05,0.020503271,7.693535e-05,0.0004616121,0.006270231,0.0,0.000115403025,0.016848842,0.0,0.0001538707,0.0355826,0.0,0.0,0.008001276,0.0,3.8467675e-05,0.0051546684,0.0,0.0,0.00034620907,0.0,0.0,0.0,0.0,0.0,0.0,0.0,0.0,0.0,0.0,0.0,0.0,0.0,0.0,0.0,0.0,7.693535e-05,0.0047699916,3.8467675e-05,0.0001538707,0.00661644,3.8467675e-05,0.0,0.042314444,0.0,0.0029235433,0.19203064,0.0,0.0011540302,0.0036928968,0.0,7.693535e-05,3.8467675e-05,0.0,7.693535e-05,0.0,0.0,0.0,0.0,0.0,0.0,0.0,0.0,0.0,0.0,0.0,0.0,0.0,0.0,0.0,0.0,3.8467675e-05,7.693535e-05,0.008462888,3.8467675e-05,0.000115403025,0.0127328,0.0,0.0,0.041160412,0.0,0.00080782117,0.02481165,0.0,0.0033851555,0.013386751,0.0,0.0023465282,0.005423942,0.0,0.00069241814,0.0010770949,3.8467675e-05,0.00026927373,0.00038467674,0.0,7.693535e-05,0.000115403025,0.0,7.693535e-05,3.8467675e-05,0.0,0.000115403025,0.0,0.0,0.0,0.0,0.000115403025,0.00023080605,0.22445889,3.8467675e-05,0.00042314443,0.2203813,7.693535e-05,0.0006539505,0.3196664,0.0,0.0016925777,0.48811632,0.000115403025,0.00080782117,0.30008632,7.693535e-05,0.0009616919,0.22638227,0.0,0.0008847565,0.14617716,0.0,0.0023849958,0.09855419,0.0,0.006039425,0.07331939,0.0,0.01969545,0.07043431,0.0,0.0075011966,0.012271188,3.8467675e-05,0.004231444,0.007231923,0.0,0.00026927373,0.07316552,0.0005770151,0.0011924979,0.12013455,0.0013848363,0.010078531,0.09709241,0.009309177,0.0317743,0.12332737,0.00053854747,0.020464804,0.09232242,3.8467675e-05,0.011848044,0.11774956,3.8467675e-05,0.017387388,0.03554413,0.0,0.03785219,0.05112354,0.0,0.012001915,0.002115722,3.8467675e-05,0.0026927372,0.0,0.0,0.00023080605,0.0,0.0001538707,3.8467675e-05,0.0,7.693535e-05,0.00069241814,0.00877063,0.0006154828,0.007347326,0.006539505,0.0044622505,0.0061932956,0.00042314443,0.0060009575,0.0025003988,0.00084628887,0.0018849161,0.0008847565,0.00084628887,0.002115722,3.8467675e-05,3.8467675e-05,0.0006539505,0.00019233837,0.000115403025,0.00042314443,0.0006154828,0.0,3.8467675e-05,0.000115403025,0.0,7.693535e-05,7.693535e-05,0.0,0.0,0.000115403025,0.0,3.8467675e-05,0.0,0.0,3.8467675e-05,0.00084628887,0.004731524,0.0003077414,0.056816757,0.001538707,0.0062317634,0.40525696,0.0011540302,0.024580844,0.06701069,0.0015002394,0.014271507,0.014656184,0.0075011966,0.0076165996,0.011886512,0.019118434,0.009001436,0.025350198,0.07601213,0.00942458,0.014810055,0.015964085,0.0064241015,0.005577813,0.0021926574,0.0028850755,0.002115722,0.0001538707,0.0015002394,0.0009232242,0.0,0.0024619312,0.000115403025,3.8467675e-05
jadeplume_terrorshroom,0.0031345508,0.0,0.0023669056,0.0009915415,6.397042e-05,0.009659534,0.018615393,6.397042e-05,0.051144354,0.03025801,0.0049257227,0.09480417,0.027571252,0.11447507,0.035759468,0.014681212,0.052007955,0.022005826,0.0076444657,0.096627325,0.077915974,0.00447793,0.039373796,0.07593289,0.0024628614,0.011738572,0.014873124,0.0029106543,0.004286018,0.0014073492,0.0020470535,0.0014073492,0.00092757115,0.0036143288,0.0010874972,0.0008955859,0.0005437486,3.198521e-05,0.009563578,0.004797782,0.0007676451,0.11018905,0.096147545,0.0040621217,0.23074132,0.024532657,0.023924937,0.32496974,0.016856207,0.29941356,0.52785194,0.010299238,0.19776456,0.15365696,0.0075165248,0.076860465,0.15189777,0.0026547725,0.0075165248,0.011834528,0.0007036746,0.0009915415,0.00012794085,0.00038382254,0.00038382254,0.0,0.00019191127,9.5955635e-05,0.0,0.00022389648,0.0,0.0,0.0005437486,0.0,0.0008316155,0.0030705803,0.005117634,0.019926786,0.007580495,0.022261707,0.018615393,0.015065035,0.044651356,0.0030385952,0.0064290273,0.026227873,0.0056933677,0.0025268318,0.039437767,0.0043819738,0.0019510979,0.023029352,0.0038062402,0.00092757115,0.0060771904,0.0043180035,0.00028786692,0.00031985212,0.00012794085,9.5955635e-05,0.0,0.0,6.397042e-05,0.0,0.0,0.001215438,0.0,0.0,0.00019191127,0.0,0.00022389648,0.0007996303,0.00044779296,6.397042e-05,0.0018551423,0.004222048,0.00012794085,0.050920457,0.02498045,0.0020150684,0.060803887,0.5322979,0.0049577076,0.028626764,0.06867225,0.008060274,0.0056613823,0.019383037,0.0034224177,0.0023029353,0.0034224177,0.0023029353,0.0011834528,0.0012794085,0.0009915415,0.00057573384,0.00028786692,0.0,0.00047977816,0.0,0.0,0.0013113937,3.198521e-05,0.0,6.397042e-05,0.0,0.00015992606,0.00012794085,0.0,3.198521e-05,0.00028786692,3.198521e-05,0.0,0.00067168946,0.00012794085,0.0,0.005757338,0.00028786692,0.0,0.010043357,0.0031345508,0.0,0.0043819738,0.0013753641,0.0,0.0030066099,9.5955635e-05,0.0,0.0022069796,0.0,0.0,0.0018551423,0.0,0.0,0.0008316155,0.0,0.0,0.0014393345,3.198521e-05,0.0,6.397042e-05,0.0,6.397042e-05,6.397042e-05,0.0,0.0,0.0,0.0,0.0,3.198521e-05,0.0,0.0,0.0,0.0,0.0,0.0,0.0,0.0,6.397042e-05,0.0,0.0,0.0,0.0,0.0,0.0,0.0,0.0,0.0,0.0,0.0,0.0,0.0,0.0,0.0002558817,0.0,0.0,0.0,0.0,0.0,0.00015992606,0.0,0.0,6.397042e-05,0.0,0.0,6.397042e-05,0.0,0.0,0.0,0.0,0.0,3.198521e-05,0.0,0.0,6.397042e-05,0.0,0.0,6.397042e-05,0.0,0.0,0.0,0.0,0.0,3.198521e-05,0.0,0.0,0.0,0.0,0.0,0.00063970423,0.0,0.0,0.00012794085,0.0,0.0,0.0003518373,3.198521e-05,0.0,0.0012474232,0.0,0.0,0.0018871275,0.00038382254,0.0,0.0017911718,0.0002558817,0.0,0.0014393345,0.00012794085,0.0,0.0005117634,0.0,0.0,0.00047977816,3.198521e-05,0.0,0.00041580776,3.198521e-05,0.0,0.00019191127,0.0,0.0,0.00015992606,3.198521e-05,0.0,0.00028786692,0.0,0.0
jean,0.003780226,0.0041617164,0.0920433,0.00058957655,0.018276872,0.087153286,0.0014219199,0.051778693,0.22140333,0.001248515,0.05146656,0.23260528,0.0013872389,0.056252535,0.038808007,0.002427668,0.039709713,0.0072136424,0.002392987,0.0256986,0.0015606438,0.0016300057,0.013109407,0.00010404292,0.0021502203,0.006624066,0.0,0.0015953247,0.0029825636,0.0,0.0015259627,0.002635754,0.0,0.009225138,0.0018380915,0.0,0.00017340486,0.0021502203,0.011548764,0.00010404292,0.023409655,0.014219198,0.00010404292,0.010334929,0.011305997,0.0,0.00010404292,0.0022542633,0.0,0.0,6.9361944e-05,0.0,0.0,0.0,0.0,0.0,0.0,0.0,0.0,0.0,0.0,0.0,0.0,0.0,0.0,0.0,0.0,0.0,0.0,0.0,0.0,0.0,0.00013872389,0.001248515,0.005271508,3.4680972e-05,0.00027744778,0.00076298136,3.4680972e-05,6.9361944e-05,0.00048553362,0.0,0.0,0.0,0.0,0.0,0.0,0.0,0.0,0.0,0.0,0.0,0.0,0.0,0.0,0.0,0.0,0.0,0.0,0.0,0.0,0.0,0.0,0.0,0.0,0.0,0.0,0.0,3.4680972e-05,0.0018380915,0.0349931,0.0,0.0014566008,0.013386855,3.4680972e-05,0.00048553362,0.048969533,0.0,0.00048553362,0.062633835,0.0,0.00010404292,0.012936003,0.0,0.00010404292,0.0016646867,3.4680972e-05,0.00013872389,0.00055489555,0.0,6.9361944e-05,0.00031212874,0.0,0.0,0.001317877,0.0,0.0,0.00048553362,0.0,0.0,6.9361944e-05,0.0,0.0,0.0,0.00052021455,0.0029825636,0.5950908,0.0020808582,0.006242575,0.15526672,0.0007283004,0.00821939,0.0869452,0.001144472,0.035825443,0.16608718,0.0013525579,0.10633186,0.10640122,0.0033987353,0.15731288,0.120516375,0.0056183175,0.22795802,0.08847116,0.0056183175,0.1578331,0.008878329,0.008288752,0.058229353,0.0051674647,0.0055489554,0.017201763,0.0009017053,0.0030172446,0.007317685,0.00017340486,0.0070055565,0.002635754,0.00010404292,0.0014912818,0.0044391644,0.5076254,0.027432648,0.018103467,0.02105135,0.043975472,0.025004981,0.001213834,0.09443629,0.013629622,0.00024276681,0.04359398,0.015016861,0.00010404292,0.021987736,0.00964131,6.9361944e-05,0.015051542,0.023860509,3.4680972e-05,0.011479402,0.017756658,0.0,0.0070055565,0.004127036,0.0,0.005028741,0.0021502203,0.0,0.0019768155,0.0007283004,0.0,0.009051734,0.00013872389,0.0,0.0007283004,0.0032600113,0.12946407,0.0043004407,0.0042310786,0.00031212874,0.004092355,0.002427668,3.4680972e-05,0.0028438398,0.0017340486,0.0,0.0042657596,0.0017687295,0.0,0.006138532,0.00024276681,0.0,0.006207894,0.0,0.0,0.0046472503,0.0,0.0,0.0021502203,0.0,0.0,0.0010404291,0.0,0.0,0.00027744778,0.0,0.0,0.0019074534,0.0,0.0,0.00031212874,0.0032946924,0.03211458,0.00249703,0.0065893847,0.0014219199,0.004543207,0.0065200226,0.0,0.0031906494,0.004751293,0.0,0.003745545,0.002601073,0.0,0.005202146,0.0010057482,0.0,0.0032946924,0.00038149068,0.0,0.002462349,0.00013872389,0.0,0.0017687295,3.4680972e-05,0.0,0.0011791531,0.0,0.0,0.00076298136,0.0,0.0,0.0022542633,0.0,0.0
kaeya,0.005226665,0.0013163453,0.022106858,0.00089046895,0.005071801,0.009369282,0.0018196539,0.010569479,0.056564134,0.001974518,0.037206113,0.18661131,0.0036780238,0.31321275,0.37740394,0.0027101228,0.07534141,0.2027559,0.0022455303,0.09601578,0.116883725,0.0030198512,0.0634943,0.005110517,0.0061171344,0.014131354,0.0007356048,0.0061558504,0.0033682955,7.743208e-05,0.0034457275,0.0012001973,0.0001935802,0.005807406,0.00061945664,0.0,0.00034844436,0.00046459248,0.0055363937,0.0003871604,0.0008517529,0.009253133,0.0005033085,0.00046459248,0.019667748,0.0,7.743208e-05,0.024700833,7.743208e-05,7.743208e-05,0.0075496277,0.0,0.0,0.00042587644,0.0,0.0,0.0,0.0,0.0,0.0,0.0,0.0,0.0,0.0,0.0,0.0,0.0,0.0,0.0,0.00042587644,0.0,0.0,0.00034844436,0.0001935802,0.0033295795,7.743208e-05,0.0,7.743208e-05,3.871604e-05,0.0,0.0,3.871604e-05,0.0,0.0,7.743208e-05,0.0,0.0,0.0,0.0,0.0,0.0,0.0,0.0,0.0,0.0,0.0,0.0,0.0,0.0,0.0,0.0,0.0,0.0,0.0,0.0,0.0,0.0,0.0,7.743208e-05,0.00015486416,0.0032908635,3.871604e-05,0.0,0.0001935802,0.0,0.0,0.0008130368,0.0,0.0,0.0,0.0,0.0,0.0,0.0,0.0,0.0,3.871604e-05,0.0,0.0,0.0,0.0,0.0,0.0,0.0,0.0,0.0,0.0,0.0,0.0,0.0,0.0,0.0,0.0,0.0,0.0007356048,0.0003871604,0.09713855,0.0015873576,0.00054202456,0.03569619,0.0014324934,0.0011614813,0.06062932,0.0015486416,0.0028262709,0.06434606,0.0012389133,0.01672533,0.02179713,0.0019358019,0.031863302,0.012892441,0.0063494304,0.04703999,0.0046072085,0.029501623,0.08412995,0.0014712096,0.035076734,0.038057867,0.001006617,0.015563848,0.006814023,0.0010840491,0.004839505,0.0024778266,0.0007743208,0.006968887,0.0008517529,0.00054202456,0.0020906662,0.0018196539,0.059583984,0.04018725,0.017073773,0.07960018,0.53931445,0.030546956,0.21053782,0.3845277,0.108792074,0.13523513,0.14375265,0.11072788,0.050756726,0.13422851,0.056447987,0.02493313,0.08118754,0.041000288,0.009098269,0.0586548,0.038174015,0.0013550614,0.034883153,0.009562862,0.0005807406,0.022223007,0.003987752,3.871604e-05,0.012234269,0.0014324934,0.0,0.036122065,0.0006968887,0.0,0.0021293822,0.0016260736,0.053621717,0.02454597,0.008323949,0.010956639,0.072011836,0.0072398996,0.0018970859,0.026830215,0.0056138257,0.0003871604,0.010298466,0.002903703,0.00042587644,0.0060009863,0.00054202456,0.0,0.0037554558,0.00030972832,0.0,0.0017422218,3.871604e-05,0.0,0.00092918496,0.0,0.0,0.00046459248,0.0,0.0,0.00011614812,0.0,0.0,0.00096790097,0.0,0.0,0.0008130368,0.00096790097,0.013821626,0.0036393078,0.0059235543,0.006659159,0.009214417,0.009330566,0.007007603,0.0074721957,0.0061171344,0.0060784183,0.0027875549,0.0016260736,0.00011614812,0.001974518,0.00015486416,0.0,0.0017422218,3.871604e-05,0.0,0.0013163453,0.0,0.0,0.00034844436,0.0,0.0,0.00023229624,0.0,0.0,0.00015486416,0.0,0.0,0.00023229624,0.0,0.0
kamisato_ayaka,0.006162522,0.008950329,0.11679447,0.008473468,0.017423797,0.17944677,0.006602702,0.01859761,0.16774532,0.007152927,0.02707108,0.17449474,0.014342536,0.02798812,0.05571947,0.014966125,0.024356635,0.021495463,0.0064559756,0.03191306,0.022485869,0.0031546243,0.009683963,0.002164219,0.0014672672,0.0014305855,0.00014672671,0.0006602702,0.00029345343,3.668168e-05,0.00014672671,0.0,0.0,0.0006235885,0.0,0.0,0.0021275373,0.002751126,0.0061258404,0.0023109457,0.0055389334,0.008546831,0.002274264,0.0041817115,0.012178318,0.0014672672,0.0038148945,0.016800208,0.00058690686,0.002494354,0.027621305,0.0001834084,0.0011738137,0.0036681679,0.00014672671,0.00029345343,0.00029345343,0.0001834084,3.668168e-05,0.0,7.336336e-05,0.0,0.0,0.0,0.0,0.0,0.0,0.0,0.0,0.0001834084,0.0,0.0,0.0013205404,0.0016873572,0.0009537236,0.0001834084,0.0005135435,7.336336e-05,0.0,0.0,0.0,0.0,0.0,0.0,0.0,0.0,0.0,0.0,0.0,0.0,0.0,0.0,0.0,0.0,0.0,0.0,0.0,0.0,0.0,0.0,0.0,0.0,0.0,0.0,0.0,0.0,0.0,0.0,0.0006602702,0.0006235885,0.0018707656,0.0006235885,0.00040349847,0.0001834084,0.00025677175,0.00011004503,0.0,7.336336e-05,0.0,0.0,3.668168e-05,0.0,0.0,0.0,0.0,0.0,0.0,0.0,0.0,0.0,0.0,0.0,0.0,0.0,0.0,0.0,0.0,0.0,0.0,0.0,0.0,0.0,0.0,0.0,0.005098753,0.0028978526,0.11807832,0.013021996,0.006162522,0.18729664,0.011664773,0.010014098,0.28941843,0.04680582,0.012251681,0.22471197,0.006052477,0.0148193985,0.22478533,0.0035581228,0.008436786,0.38093925,0.002604399,0.02230246,0.1765856,0.001247177,0.00524548,0.027437896,0.00091704197,0.0029712159,0.00025677175,0.0003301351,0.0009904053,0.0,0.0003301351,7.336336e-05,0.0,0.0001834084,0.0,0.0,0.014269173,0.004548528,0.033673782,0.012288363,0.017827297,0.044421513,0.016653482,0.022999413,0.07343672,0.035838,0.025420403,0.12717538,0.0019074472,0.035214413,0.07560094,0.00040349847,0.123397164,0.12915619,0.0006235885,0.6049176,0.051721167,0.0006235885,0.15446655,0.0009904053,0.0014305855,0.03998303,0.0,0.001247177,0.0133154495,0.0,0.0006235885,0.0009537236,0.0,0.0003301351,0.00029345343,0.0,0.0059791137,0.0052821618,0.026557535,0.002164219,0.004548528,0.0061258404,0.0013205404,0.0031546243,0.0021275373,0.0008436786,0.0023843092,0.00058690686,0.0,0.0023109457,0.00011004503,0.0,0.00091704197,3.668168e-05,0.0,0.00022009006,0.0,0.0,0.0,0.0,0.0,0.0,0.0,0.0,0.0,0.0,0.0,0.0,0.0,0.0,0.0,0.0,0.004548528,0.00568566,0.04214725,0.0031546243,0.0032646693,0.028868482,0.0014305855,0.0014672672,0.017753933,0.0009537236,0.0030078976,0.020358332,3.668168e-05,0.0047686184,0.029235298,0.00011004503,0.0047319364,0.05902082,7.336336e-05,0.003081261,0.03037243,0.0,0.0023109457,0.0064192936,0.0,0.00040349847,0.0003301351,0.0,0.0,0.0,0.0,0.0,0.0,0.0,0.0,0.0
keqing,0.0011144637,0.00030743825,0.054070704,7.6859564e-05,0.0025747954,0.15571748,0.00015371913,0.0033818209,0.050919462,0.020444645,0.036585152,0.09930255,0.032550026,0.3161618,0.04388681,0.015909929,0.0128739765,0.028284319,0.0050343014,0.011797943,0.012259101,0.0038429783,0.0086467005,0.0039198375,0.0025363655,0.0069173607,0.0003842978,0.0018446295,0.002459506,0.00015371913,0.00088388496,0.00096074457,0.0,0.003689259,0.00030743825,0.0,0.0,7.6859564e-05,0.015218194,3.8429782e-05,0.00015371913,0.0038045484,0.0,0.000115289346,0.005995046,0.0,3.8429782e-05,0.0026900847,0.0,0.0,0.00092231476,0.0,0.0,0.00026900848,0.0,0.0,7.6859564e-05,0.0,0.0,0.0,0.0,0.0,0.0,0.0,0.0,0.0,0.0,0.0,0.0,3.8429782e-05,0.0,0.0,7.6859564e-05,0.000115289346,0.0017677699,0.0,3.8429782e-05,0.0,0.0,0.0,0.0,0.0,0.0,0.0,0.0,0.0,0.0,0.0,0.0,0.0,0.0,0.0,0.0,0.0,0.0,0.0,0.0,0.0,0.0,0.0,0.0,0.0,0.0,0.0,0.0,0.0,0.0,0.0,0.0,0.0,0.0018446295,0.0,0.0,3.8429782e-05,0.0,0.0,0.0,0.0,0.0,0.0,0.0,0.0,0.0,0.0,0.0,0.0,0.0,0.0,0.0,0.0,0.0,0.0,0.0,0.0,0.0,0.0,0.0,0.0,0.0,0.0,0.0,0.0,0.0,0.0,7.6859564e-05,0.0,0.13235217,3.8429782e-05,0.0,0.11117736,0.0,7.6859564e-05,0.047845077,3.8429782e-05,0.000115289346,0.0057260375,0.000115289346,0.0,0.00049958716,0.0,0.0,3.8429782e-05,0.000115289346,0.0,0.0,0.0,0.0,0.0,3.8429782e-05,0.0,0.0,0.0,0.0,3.8429782e-05,0.0,0.0,0.0,0.00023057869,0.0,0.0,0.000115289346,0.0005764467,0.13592614,0.00026900848,0.0026900847,0.32423207,0.00034586803,0.008223973,0.33556885,0.0014603317,0.056722358,0.3758817,0.009261577,0.13692531,0.20817412,0.05272566,0.26843202,0.1402687,0.028015312,0.2650118,0.029514072,0.041004576,0.22454521,0.006033476,0.01410373,0.017946709,0.0005764467,0.011951663,0.007532237,0.00015371913,0.00880042,0.0025747954,3.8429782e-05,0.021674396,0.0013066126,0.0,7.6859564e-05,0.0006148765,0.07094137,0.0001921489,0.002843804,0.08811949,0.0008070254,0.007570667,0.24326052,0.0016909104,0.059489302,0.12793274,0.0062256246,0.044809125,0.011029348,0.014257449,0.050919462,0.0032665315,0.0042657056,0.0028822336,0.0012681828,0.0013450424,0.00046115738,0.00034586803,0.0008454552,0.00023057869,0.0001921489,0.00053801696,0.000115289346,7.6859564e-05,0.00015371913,0.000115289346,0.0,0.00092231476,0.0,0.0,7.6859564e-05,0.00026900848,0.006148765,0.0,0.003343391,0.006187195,0.0006148765,0.0067636417,0.039198376,0.003727689,0.24314523,0.011490505,0.00880042,0.025209937,0.0016140508,0.005995046,0.0023057868,0.0010376041,0.001421902,0.00053801696,0.0014987615,0.00049958716,0.0006148765,0.0016909104,0.0004227276,0.0006148765,0.001421902,0.00030743825,0.0009991743,0.0018446295,0.00026900848,0.0010376041,0.0001921489,0.0003842978,0.0003842978,0.0
klee,0.0043896204,0.0006172904,0.07373191,0.0,0.0019890468,0.29009217,0.00010288173,0.0038409177,0.2421493,0.0009945234,0.013031686,0.481898,0.010733994,0.086729296,0.28841177,0.08460307,0.07767571,0.2066551,0.019376058,0.071365625,0.12102321,0.05370426,0.20199113,0.07808723,0.09242208,0.08511748,0.06155757,0.03439679,0.44729546,0.036523014,0.032853566,0.20593493,0.12352666,0.08652353,0.02956135,0.0067559,0.0,0.0006515843,0.023216976,0.0,0.00020576346,0.041838568,0.0,0.0,0.193692,0.0,0.0,0.18004303,0.0,0.0,0.05270974,0.0,0.0,0.016529664,0.0,0.0,0.0032579214,0.0,0.0,0.0,0.0,0.0,0.0,0.0,0.0,0.0,0.0,0.0,0.0,0.0,0.0,0.0,0.0,0.00013717564,0.0007887599,0.0,0.0,0.0,0.0,0.0,0.0,0.0,0.0,0.0,0.0,0.0,0.0,0.0,0.0,0.0,0.0,0.0,0.0,0.0,0.0,0.0,0.0,0.0,0.0,0.0,0.0,0.0,0.0,0.0,0.0,0.0,0.0,0.0,0.0,0.00013717564,0.00017146955,0.0,0.0,0.0,0.0,0.0,0.0,0.0,0.0,0.0,0.0,0.0,0.0,0.0,0.0,0.0,0.0,0.0,0.0,0.0,0.0,0.0,0.0,0.0,0.0,0.0,0.0,0.0,0.0,0.0,0.0,0.0,0.0,0.0,0.0,0.00085734774,0.010150997,0.0,0.020130524,0.013751858,0.0,0.024245793,0.0036351543,0.0,0.0037037423,0.00058299646,0.0,0.00013717564,0.0,0.0,0.0,0.0,0.0,0.0,0.0,0.0,0.0,0.0,0.0,0.0,0.0,0.0,0.0,0.0,0.0,0.0,0.0,0.0,0.0,0.0,0.0,0.002674925,0.114850305,0.0,0.009259355,0.0061386097,0.0,0.00089164166,6.858782e-05,0.0,3.429391e-05,0.0,0.0,0.0,0.0,0.0,0.0,0.0,0.0,0.0,0.0,3.429391e-05,0.0,0.0,3.429391e-05,0.0,0.0,0.0,0.0,0.0,3.429391e-05,0.0,0.0,0.00085734774,0.0,0.0,0.0,0.0007887599,0.15178484,3.429391e-05,0.0013031686,3.429391e-05,0.0,0.0,0.0,6.858782e-05,0.0,0.0,0.00013717564,0.0,0.0,0.00010288173,0.0,0.0,0.00017146955,0.0,0.0,0.00010288173,0.0,0.0,0.0,0.0,0.0,6.858782e-05,0.0,0.0,3.429391e-05,0.0,0.0,0.00010288173,0.0,0.0,0.0,0.0010631112,0.019513234,6.858782e-05,0.0037380361,0.0009945234,0.00020576346,0.0021948102,0.00010288173,0.00089164166,0.0006858782,0.0,0.0010974051,0.0013374625,0.0,0.0021262225,0.002674925,0.0,0.0021948102,0.00017146955,0.0,0.0016804015,0.00020576346,0.0,0.002572043,0.00010288173,0.0,0.002263398,0.0,0.0,0.0012002868,0.0,0.0,0.0023319859,0.0,0.0
kokomi,0.00073310424,0.00018327606,0.024742268,0.00010996564,0.00021993127,0.09064834,7.3310424e-05,0.00021993127,0.0130126,0.00014662085,0.00036655212,0.005864834,7.3310424e-05,0.0017961054,0.00689118,0.00010996564,0.0024925545,0.0035922108,0.00010996564,0.0031890036,0.0020526918,0.00021993127,0.0023825888,0.0012462772,0.00018327606,0.0026758304,0.0011729668,0.00018327606,0.0020526918,0.0006231386,3.6655212e-05,0.001722795,0.0,0.001392898,0.0010263459,3.6655212e-05,0.0,3.6655212e-05,0.0037388317,0.0,7.3310424e-05,0.0010263459,0.0,0.0,3.6655212e-05,0.0,0.0,0.0,0.0,0.0,0.0,0.0,0.0,0.0,0.0,0.0,0.0,0.0,0.0,0.0,0.0,0.0,0.0,0.0,0.0,0.0,0.0,0.0,0.0,0.0,0.0,0.0,3.6655212e-05,0.00010996564,7.3310424e-05,0.0,0.0,3.6655212e-05,0.0,0.0,0.0,0.0,0.0,0.0,0.0,0.0,0.0,0.0,0.0,0.0,0.0,0.0,0.0,0.0,0.0,0.0,0.0,0.0,0.0,0.0,0.0,0.0,0.0,0.0,0.0,3.6655212e-05,0.0,0.0,0.0,7.3310424e-05,0.00047651777,3.6655212e-05,3.6655212e-05,0.00014662085,3.6655212e-05,0.0,0.0,0.0,0.0,0.0,3.6655212e-05,0.0,0.0,0.0,0.0,0.0,0.0,0.0,0.0,0.0,0.0,0.0,0.0,0.0,0.0,0.0,0.0,0.0,0.0,0.0,0.0,0.0,0.0,0.0,0.0,0.0,0.0035922108,3.6655212e-05,0.00010996564,0.019390607,0.00021993127,0.00047651777,0.034089345,0.00014662085,0.0002932417,0.027674684,0.00018327606,0.00018327606,0.058465064,0.00025658647,0.00018327606,0.08833906,7.3310424e-05,0.00076975947,0.13408476,7.3310424e-05,0.104027495,0.018804124,0.00021993127,0.015908362,0.026281787,0.00025658647,0.0026025202,0.023935854,0.00010996564,0.0014295533,0.012059565,0.00051317294,0.0011729668,0.0021626574,3.6655212e-05,7.3310424e-05,0.0078075603,0.00014662085,0.00025658647,0.3299702,0.0008797251,0.0005864834,0.38462314,0.0020160368,0.0025292097,0.26923254,0.005351661,0.01829095,0.33312258,0.0070744557,0.04226346,0.1874181,0.13243528,0.29067582,0.31750745,0.14269873,0.33928064,0.03416266,0.056229096,0.06946163,0.020636884,0.013049255,0.0274181,0.0029690722,0.008027491,0.010410081,0.00043986255,0.0156151205,0.0059381444,7.3310424e-05,7.3310424e-05,0.00018327606,0.08536999,0.00025658647,0.00036655212,0.19848797,0.00021993127,0.00065979385,0.08284078,0.00036655212,0.0045085913,0.06513631,0.00021993127,0.0075143185,0.03614204,0.00032989692,0.0035922108,0.007294387,0.0002932417,0.0009896908,0.00051317294,0.00014662085,0.00021993127,3.6655212e-05,0.00051317294,0.00010996564,0.0,0.0009163803,3.6655212e-05,0.0,0.0002932417,0.0,0.0,0.00036655212,0.0,0.0,0.0,0.00032989692,0.016971363,0.00014662085,0.00021993127,0.19115694,0.00018327606,0.00051317294,0.10805956,0.00014662085,0.002419244,0.06330355,0.0002932417,0.0073676975,0.066419244,0.00073310424,0.0035922108,0.04684536,0.0010263459,0.0063046967,0.030020619,0.00065979385,0.005534937,0.009970218,0.000696449,0.0027491408,0.0011363116,0.00021993127,0.00054982817,3.6655212e-05,0.0002932417,0.00014662085,0.0,0.00047651777,0.0,0.0
maguu_kenki,0.017606637,0.046832863,0.042500135,0.0056719366,0.10957866,0.009689558,0.0053568287,0.0763742,0.08815134,0.0055537713,0.038285572,0.027847633,0.0035843488,0.0729868,0.006892978,0.0028359683,0.02741436,0.0042539523,0.0018906455,0.015794767,0.0058294903,0.0010634881,0.009768335,0.001496761,0.00055143825,0.0032298528,7.8776895e-05,0.0006696036,0.0006696036,0.0,0.00015755379,0.00031510758,0.0,0.0025996375,0.00015755379,0.0,0.0035449602,0.006696036,0.008350351,0.0033874065,0.008665458,0.005278052,0.0024420838,0.006065821,0.00059082673,0.0016149264,0.0031116873,0.0,0.00043327291,0.0013785957,3.9388447e-05,0.00027571913,0.00019694224,0.0,0.00027571913,7.8776895e-05,0.0,7.8776895e-05,0.0,0.0,0.0,3.9388447e-05,0.0,0.0,0.0,0.0,0.0,0.0,0.0,0.00011816534,0.0,0.0,0.0055537713,0.0045690597,0.0058294903,0.0018906455,0.0023239185,0.0009847112,0.00031510758,0.0011422649,0.00011816534,0.00015755379,0.0,0.0,0.0,0.0,0.0,3.9388447e-05,0.0,0.0,3.9388447e-05,0.0,0.0,0.0,0.0,0.0,0.0,0.0,0.0,0.0,0.0,0.0,0.0,0.0,0.0,3.9388447e-05,0.0,0.0,0.023633068,0.009768335,0.044469558,0.013076965,0.014652503,0.028359681,0.0048053907,0.0073262514,0.035567768,0.004490283,0.0031116873,0.076216646,0.005711325,0.0011028765,0.03304691,0.004844779,0.0006696036,0.009138119,0.002363307,0.00035449603,0.008350351,0.0011816535,0.0006696036,0.0048841676,0.0005120498,0.0009059343,0.007050532,0.00019694224,0.0005120498,0.0042933407,0.00023633068,0.00035449603,0.0006696036,0.00094532274,0.0,3.9388447e-05,0.12746102,0.073459454,0.34555486,0.16314694,0.37068468,0.5377311,0.20718323,0.26291788,0.24893498,0.1783115,0.16062608,0.23006792,0.07507438,0.08779685,0.08031304,0.028083963,0.059988607,0.06719669,0.017685413,0.040767044,0.057546522,0.00965017,0.055183213,0.017055199,0.0048053907,0.041003373,0.0057507134,0.00405701,0.07436539,0.0011816535,0.0018906455,0.1080819,0.00035449603,0.009807724,0.029620113,0.00015755379,0.026862921,0.018355016,0.022766523,0.055734653,0.048329625,0.006262763,0.041948695,0.035685934,7.8776895e-05,0.032810576,0.003426795,0.0,0.011304485,0.00035449603,0.0,0.005120498,0.0,0.0,0.003151076,0.0,0.0,0.0020088109,0.0,0.0,0.0012604303,0.0,0.0,0.0008271574,0.0,0.0,0.00019694224,0.0,0.0,0.0045690597,0.0,0.0,0.010280385,0.010792434,0.010280385,0.0063415403,0.0013785957,7.8776895e-05,0.003702514,3.9388447e-05,0.0,0.0031116873,0.0,0.0,0.00094532274,0.0,0.0,0.00070899207,0.0,0.0,0.00055143825,0.0,0.0,0.00011816534,0.0,0.0,0.00011816534,0.0,0.0,0.00011816534,0.0,0.0,0.0,0.0,0.0,0.0007483805,0.0,0.0,0.0045296713,0.015912933,0.006262763,0.004490283,0.003781291,0.00027571913,0.004214564,0.00086654583,0.0,0.0030329104,0.00031510758,0.0,0.0013392072,3.9388447e-05,0.0,0.0012210419,0.0,0.0,0.0005120498,0.0,0.0,0.00023633068,0.0,0.0,0.00015755379,0.0,0.0,0.00023633068,0.0,0.0,0.00011816534,0.0,0.0,0.00015755379,0.0,0.0
mirror_maiden,0.009328958,0.010858906,0.0466821,0.0013806857,0.019217651,0.03309914,0.0015672648,0.03847262,0.011567907,0.0018657915,0.047167208,0.0077243764,0.0016045807,0.043249045,0.003246477,0.0011567906,0.026979344,0.0014553174,0.001529949,0.016866755,0.0004104741,0.0013060541,0.010523064,3.731583e-05,0.0016792123,0.0095901685,0.0,0.0015672648,0.006269059,3.731583e-05,0.001753844,0.0025747921,0.0,0.006754165,0.0012687382,0.0,0.00070900074,0.0032837929,0.007388534,0.00059705327,0.0022762655,0.00085826404,0.0011194749,0.0010075273,7.463166e-05,0.0009702116,7.463166e-05,0.0,0.00055973744,0.00014926332,0.0,0.00022389498,3.731583e-05,0.0,0.0002612108,0.0,0.0,0.00014926332,3.731583e-05,0.0,7.463166e-05,0.0,0.0,3.731583e-05,0.0,0.0,0.0,0.0,0.0,0.0002612108,0.0,0.0,0.0018284756,0.0012687382,0.0018657915,0.0007836324,0.0011941065,0.00018657914,0.00022389498,7.463166e-05,0.0,7.463166e-05,0.0,0.0,7.463166e-05,0.0,0.0,0.0,0.0,0.0,0.0,0.0,0.0,0.0,0.0,0.0,0.0,0.0,0.0,0.0,0.0,0.0,0.0,0.0,0.0,0.0002612108,0.0,0.0,0.0006716849,0.0013060541,0.0033211089,0.0008209482,0.0012314224,0.0014553174,0.00022389498,0.0013433698,0.0035450037,0.00014926332,0.0009702116,0.0068661124,0.00014926332,0.00044778996,0.010336485,3.731583e-05,0.0002612108,0.0011567906,0.00011194749,3.731583e-05,0.00070900074,3.731583e-05,0.00011194749,0.00033584246,0.0,0.0,0.00033584246,0.0,0.0,0.0,0.0,0.0,0.0,0.00011194749,0.0,0.0,0.0038435303,0.0015672648,0.05556327,0.0077616926,0.0027240554,0.14500931,0.0042166887,0.0041047414,0.13982241,0.006381007,0.0040301094,0.16146559,0.015374121,0.008806536,0.18098177,0.013023225,0.06832528,0.24453063,0.010970854,0.300579,0.31834134,0.007910956,0.1659808,0.37338218,0.007388534,0.07395998,0.4096532,0.0045152153,0.016045807,0.14165089,0.0041047414,0.01082159,0.017501123,0.0026121081,0.004664479,0.01395612,0.0030225823,0.0022762655,0.09299105,0.010336485,0.0057093217,0.40778738,0.0060824803,0.006604902,0.030449716,0.0059705325,0.0094409045,0.013732225,0.013620278,0.008060219,0.0039927936,0.031009454,0.020598337,0.004664479,0.03892041,0.08142314,0.018769862,0.049443472,0.17359324,0.013321751,0.028695872,0.19303478,0.03649488,0.01843402,0.025897186,0.010933538,0.021456601,0.013321751,0.00070900074,0.04955542,0.022837287,0.0017911599,0.0010075273,0.0020896865,0.048435945,0.001753844,0.002164318,0.0004104741,0.001082159,0.0006716849,0.0,0.0008955799,0.0006343691,0.0,0.00044778996,7.463166e-05,0.0,0.00018657914,0.0,0.0,0.00022389498,0.0,0.0,0.00022389498,0.0,0.0,3.731583e-05,0.0,0.0,0.00018657914,0.0,0.0,3.731583e-05,0.0,0.0,0.001529949,0.0,0.0,0.00033584246,0.0020523707,0.045114838,0.0014180015,0.004067425,0.0032837929,0.0011567906,0.0033584246,0.00044778996,0.0007836324,0.0027986872,3.731583e-05,0.00022389498,0.0011941065,0.0,0.00018657914,0.00033584246,0.0,0.00014926332,3.731583e-05,0.0,0.00011194749,0.0,0.0,0.00011194749,0.0,0.0,0.00014926332,0.0,0.0,0.00022389498,0.0,0.0,0.00022389498,0.0,0.0
mona,0.00736838,0.002054215,0.06729787,0.004688969,0.0057607335,0.12990677,0.0055374494,0.011610781,0.120350204,0.002054215,0.016121123,0.22413272,0.0013397054,0.022417737,0.19791915,0.0011164212,0.016299749,0.11829599,0.0024561267,0.046979003,0.06662802,0.0059840176,0.042111408,0.040503763,0.0052248514,0.043317143,0.013263084,0.0038851458,0.045817927,0.023266219,0.0065645566,0.025275776,0.0038851458,0.023623472,0.02581166,0.0005358822,0.0002679411,0.0008484801,0.07658649,0.0023221562,0.0007145096,0.004063773,0.0026794109,0.0019649013,0.0043317145,0.00058053905,0.0010717644,0.0049122535,4.465685e-05,8.93137e-05,0.004733626,0.0,0.0001786274,0.0024114698,0.00013397055,8.93137e-05,0.0025900973,0.0,4.465685e-05,0.0026794109,0.00013397055,0.0,0.0018309308,4.465685e-05,0.0,0.00031259793,4.465685e-05,0.0,8.93137e-05,0.0008484801,0.0,0.0,0.00044656848,0.00062519585,0.016523033,0.0003572548,0.0001786274,0.00013397055,8.93137e-05,0.0,0.0,0.0,0.0,0.0,0.0,0.0,0.0,0.0,0.0,0.0,0.0,0.0,0.0,0.0,0.0,0.0,0.0,0.0,0.0,0.0,0.0,0.0,0.0,0.0,0.0,0.0,0.0,0.0,0.00013397055,0.0006698527,0.0060733315,0.00013397055,0.00031259793,0.0021435288,0.00013397055,4.465685e-05,0.00040191165,8.93137e-05,0.0001786274,0.00013397055,4.465685e-05,0.00022328424,0.0,4.465685e-05,0.00013397055,0.0,4.465685e-05,0.0,0.0,4.465685e-05,0.0,0.0,4.465685e-05,0.0,0.0,4.465685e-05,0.0,0.0,0.0,0.0,0.0,0.0003572548,0.0,0.0,0.0002679411,0.0012950486,0.018934503,0.00040191165,0.0013397054,0.034073174,0.0008038233,0.0015183329,0.11494673,0.00075916643,0.0045549986,0.084267475,0.0007145096,0.017416172,0.24668443,0.0012950486,0.051355377,0.046934348,0.0044656848,0.06658336,0.07493419,0.0059840176,0.04220072,0.21471013,0.002634754,0.08815262,0.29031417,0.0024114698,0.09753056,0.084981985,0.0018755876,0.02098872,0.008172203,0.0033492637,0.0029920088,0.00058053905,0.0009377938,0.004153087,0.0024561267,0.0141562205,0.015674554,0.0034832342,0.022864306,0.0714063,0.11606315,0.022774993,0.17719838,0.011298182,0.030366657,0.21019979,0.020229552,0.02125666,0.39691007,0.036529303,0.01884519,0.52016294,0.018666562,0.01714823,0.061671108,0.025722345,0.028714353,0.03769038,0.024070041,0.040280476,0.01062833,0.0008038233,0.027463961,0.0051801945,0.0,0.0720315,0.0024561267,0.0,0.0020988719,0.0069664684,0.002634754,0.03018803,0.0058500473,0.005269508,0.030054059,0.0062519587,0.051801942,0.013620338,0.011923378,0.002054215,0.01245926,0.02340019,0.0008038233,0.0072344095,0.010717643,0.0011610781,0.0044656848,0.0024561267,0.00040191165,0.0022774993,0.0002679411,0.0,0.0015629897,4.465685e-05,0.0,0.00044656848,0.0,0.0,0.00013397055,0.0,0.0,0.0008484801,0.0,0.0,0.0017416171,0.0015629897,0.0021435288,0.014960044,0.0046443124,0.0032599499,0.0053588217,0.0066985274,0.008440144,0.0021435288,0.008038233,0.0076363212,0.0013843623,0.008127546,0.0038404888,0.0009824507,0.0024561267,0.010717643,0.0026794109,0.049077876,0.050819494,0.00410843,0.05198057,0.15120809,0.0049122535,0.010896271,0.012593231,0.0011610781,0.018086024,0.0030366657,0.00040191165,0.01558524,0.0013843623,0.00062519585,0.004153087,0.0008484801
ningguang,0.00022887746,0.0,0.0010299486,0.0,8.5829044e-05,0.0066088364,5.7219364e-05,0.00037192585,0.4928304,0.00014304841,0.0021457262,0.43008935,0.0003147065,0.032929745,0.25577056,0.0017165809,0.1270556,0.07000789,0.07627341,0.14934254,0.1007633,0.4276289,0.19872285,0.107400745,0.0898344,0.34165683,0.07058009,0.12327912,0.12219195,0.09527024,0.045546614,0.030497922,0.005664717,0.021743359,0.02981129,0.0010871679,2.8609682e-05,5.7219364e-05,0.009412586,0.0,2.8609682e-05,0.077989995,0.0,0.0,0.176722,0.0,0.00017165809,0.020341484,2.8609682e-05,0.0016307519,0.00629413,2.8609682e-05,0.0016307519,0.00720964,0.00011443873,0.00028609682,0.005636107,2.8609682e-05,0.00068663235,0.003318723,0.00017165809,0.026692834,0.0171372,0.00040053556,0.0036334295,0.003318723,0.00042914524,0.00028609682,0.0017165809,0.00025748715,2.8609682e-05,0.0,0.0,0.0,5.7219364e-05,0.0,0.0,2.8609682e-05,0.0,0.0,0.0,0.0,0.0,0.0,0.0,0.0,0.0,0.0,0.0,0.0,0.0,0.0,0.0,0.0,0.0,0.0,0.0,0.0,0.0,0.0,0.0,0.0,0.0,0.0,0.0,0.0,0.0,0.0,0.0,0.0,0.0,0.0,0.0,0.0,0.0,0.0,0.0,0.0,0.0,0.0,0.0,0.0,0.0,0.0,0.0,0.0,0.0,0.0,0.0,0.0,0.0,0.0,0.0,0.0,0.0,0.0,0.0,0.0,0.0,0.0,0.0,0.0,0.0,0.0,0.0,0.0,2.8609682e-05,0.0,0.0,0.0,0.0,0.0,0.0,0.0,0.0,0.0,0.0,0.0,0.0,0.0,0.0,0.0,0.0,0.0,0.0,0.0,0.0,0.0,0.0,0.0,0.0,0.0,0.0,0.0,0.0,0.0,0.0,0.0,0.0,0.0,0.0,0.0,8.5829044e-05,0.0,0.0,0.0,0.0,0.0,0.0,0.0,0.0,0.0,0.0,0.0,0.0,0.0,0.0,0.0,0.0,0.0,0.0,0.0,0.0,0.0,0.0,0.0,0.0,0.0,0.0,0.0,0.0,0.0,0.0,0.0,0.0,0.0,0.0,0.0,2.8609682e-05,0.0,0.0,0.0,0.0,0.0,0.0,2.8609682e-05,0.0,0.0,0.0,0.0,0.0,0.0,0.0,0.0,0.0,0.0,0.0,0.0,0.0,0.0,0.0,0.0,0.0,0.0,0.0,0.0,0.0,0.0,0.0,0.0,0.0,0.0,0.0,0.0,0.0,0.0,0.0,0.0,2.8609682e-05,0.0,0.0,0.0,0.0,0.0,0.0,0.0,0.0,8.5829044e-05,0.0,0.0,0.00017165809,0.0,0.0,0.00025748715,0.0,0.0,5.7219364e-05,0.0,0.0,0.0,0.0,0.0,0.0,0.0,0.0,0.0,0.0,0.0
noelle,0.017194541,0.0049328604,0.17300245,0.17592694,0.07057513,0.4069962,0.0849509,0.17032462,0.075049944,0.009196261,0.09323106,0.09291395,0.0072231167,0.17427091,0.22007604,0.008914383,0.13956471,0.60466295,0.0053909114,0.10041894,0.20164828,0.0026778383,0.02001332,0.02346632,0.0011627456,0.0037701146,0.0020083787,0.0008808679,0.0015503275,0.000493286,0.00052852073,0.0013389192,7.046943e-05,0.0033472981,0.0028892467,0.0,0.00028187773,0.0006342249,0.014622407,0.0008808679,0.0019026747,0.0049328604,0.00014093886,0.00077516376,0.00620131,0.00010570415,0.0006342249,0.0154680405,0.00035234715,0.008597271,0.0006342249,0.000246643,0.015855622,0.0,0.00052852073,0.00095133734,7.046943e-05,0.00031711246,7.046943e-05,0.0006694596,7.046943e-05,0.00010570415,0.0010218067,0.00010570415,0.0,0.001726501,0.0,3.5234716e-05,0.000246643,0.00017617358,3.5234716e-05,0.0,0.000246643,0.0002114083,0.0008456332,0.00014093886,0.00028187773,0.0,0.00010570415,0.0,0.0,7.046943e-05,0.0,0.0,3.5234716e-05,0.0,0.0,7.046943e-05,0.0,0.0,3.5234716e-05,0.0,0.0,3.5234716e-05,0.0,0.0,3.5234716e-05,0.0,0.0,7.046943e-05,0.0,0.0,0.0,0.0,0.0,0.000493286,0.0,0.0,0.00014093886,7.046943e-05,0.0004228166,3.5234716e-05,0.0,0.0,0.00017617358,0.0,0.0,7.046943e-05,0.0,0.0,0.0,0.0,0.0,0.0,0.0,0.0,0.0,0.0,0.0,3.5234716e-05,0.0,0.0,0.0,0.0,0.0,0.0,0.0,0.0,0.0,0.0,0.0,0.00010570415,0.0,0.0,0.000493286,3.5234716e-05,0.0014446233,0.00017617358,0.00014093886,0.0,0.00010570415,0.0,0.0,0.00035234715,7.046943e-05,0.0,0.00014093886,0.00017617358,0.0,0.00014093886,0.00028187773,0.0,0.00014093886,0.0013389192,7.046943e-05,0.0,0.00073992903,0.00014093886,7.046943e-05,0.0008456332,0.000246643,0.0,0.00010570415,0.00010570415,0.0,0.00010570415,3.5234716e-05,0.00038758188,7.046943e-05,3.5234716e-05,0.0005989902,0.0004228166,0.0011627456,0.000986572,0.0010218067,0.00017617358,0.00186744,0.0011627456,0.0005989902,0.0017617358,0.0013389192,0.0007046943,0.0010218067,0.006941239,3.5234716e-05,0.000493286,0.0026426036,0.0,0.00017617358,0.0009161026,0.0,0.00028187773,0.0006342249,0.0,3.5234716e-05,0.0002114083,0.0,0.00014093886,0.00035234715,0.0,7.046943e-05,7.046943e-05,0.0,0.0012332151,0.0006342249,0.0,0.0013036845,0.0012332151,0.004439574,0.008597271,0.007927811,0.0076459334,0.00500333,0.001726501,0.01173316,0.0019379094,0.0010218067,0.0008456332,0.001620797,0.0010922762,0.00010570415,0.0009161026,0.00031711246,0.0,0.0004228166,0.0,0.0,7.046943e-05,0.0,0.0,3.5234716e-05,3.5234716e-05,0.0,0.00010570415,0.0,0.0,3.5234716e-05,0.0,0.0,0.00038758188,0.0,0.0,0.005708024,0.0044043395,0.08040562,0.17797054,0.075261354,0.2369887,0.061907396,0.031781714,0.058771506,0.01053518,0.022973035,0.073851965,0.0046509826,0.022796862,0.012543559,0.0036644104,0.01247309,0.02854012,0.0023959607,0.011310344,0.065043285,0.0013741539,0.061766457,0.21003415,0.0042986353,0.10841722,0.0433387,0.0042634006,0.076565035,0.040696096,0.002607369,0.04013234,0.020788483,0.0044043395,0.011063701,0.00028187773
razor,0.008544583,0.0055199517,0.21334991,0.013194953,0.06427341,0.14934115,0.023781162,0.23418206,0.075918235,0.057127718,0.10911357,0.06820543,0.019924756,0.05247735,0.022231039,0.011115519,0.05588006,0.025180053,0.0071078828,0.10533278,0.11157107,0.0048772176,0.07357415,0.0852946,0.0048016016,0.047751363,0.019092983,0.003705173,0.040945943,0.0125900265,0.0020794338,0.013497416,0.00037807887,0.010813056,0.0065407646,0.0,0.0027221679,0.0021928574,0.07270457,0.0041588675,0.0051796804,0.10196787,0.001663547,0.0069566513,0.15501234,0.001020813,0.05493486,0.7014119,0.000983005,0.27864414,0.14873622,0.0020794338,0.22760348,0.02234446,0.00268436,0.10813056,0.010624017,0.0025709365,0.01826121,0.009754435,0.0036295573,0.009451972,0.0007183499,0.005708991,0.0045369463,0.00052931043,0.0026087442,0.0025331285,0.000113423666,0.005104065,0.00041588675,0.0,0.0012098524,0.0015879313,0.019811332,0.00041588675,0.00034027098,0.0008317735,0.0,0.0014366998,0.0007183499,3.7807888e-05,0.01572808,0.017164782,0.0,0.0012854682,0.0042344835,0.0,0.00015123155,0.00018903943,0.0,0.0,0.0,0.0,0.0,0.0,7.5615775e-05,0.0,0.0,0.000113423666,0.0,0.0,3.7807888e-05,0.0,0.0,0.0,0.0,0.0,0.00052931043,0.0029868232,0.028318107,0.00022684733,0.0022684732,0.0005671183,0.0003024631,0.0005671183,0.0,0.000113423666,0.00018903943,0.0,0.0,0.000113423666,0.0,7.5615775e-05,0.0,0.0,0.0,0.0,0.0,0.0,0.0,0.0,0.0,0.0,0.0,0.0,0.0,0.0,0.0,0.0,0.0,0.0,0.0,0.0,0.0008695814,0.013005913,0.21028747,0.0014366998,0.029452344,0.054556783,0.002003818,0.013573032,0.0038942124,0.00090738933,0.0037807887,0.0022684732,0.0004915025,0.0005671183,0.00079396565,0.00015123155,0.0,7.5615775e-05,0.00022684733,3.7807888e-05,0.0,0.00015123155,0.0,0.0,7.5615775e-05,0.0,0.0,0.0,0.0,0.0,0.0,0.0,0.0,7.5615775e-05,0.0,0.0,0.00079396565,0.0032136703,0.102534994,0.0015501234,0.0055199517,0.046163432,0.0006049262,0.0012854682,0.0810223,0.00052931043,0.00045369467,0.05009545,0.00034027098,0.000113423666,0.059585232,0.00015123155,3.7807888e-05,0.06170247,0.000113423666,0.0,0.029906038,7.5615775e-05,0.0,0.0031758626,7.5615775e-05,0.0,3.7807888e-05,3.7807888e-05,0.0,0.0,0.0,0.0,0.0,0.0003024631,0.0,0.0,0.0025709365,0.0055577597,0.093347676,0.011153326,0.014631652,0.03761885,0.00268436,0.008393351,0.022382269,0.00075615774,0.00037807887,0.028431531,0.00034027098,0.0,0.0028355916,0.00015123155,0.0,0.0007183499,0.00015123155,0.0,0.00015123155,0.000113423666,0.0,0.0,0.0,0.0,0.0,3.7807888e-05,0.0,0.0,0.0,0.0,0.0,0.000113423666,0.0,0.0,0.006200494,0.006691996,0.03599311,0.04567193,0.04567193,0.0076371934,0.010359361,0.029187689,0.0004915025,0.0023818968,0.00090738933,0.00018903943,0.00075615774,0.000113423666,0.0024953205,0.00026465522,3.7807888e-05,0.000113423666,0.000113423666,0.0,0.0,0.00015123155,7.5615775e-05,0.0,3.7807888e-05,0.0,0.0,7.5615775e-05,0.0,0.0,0.00015123155,0.0,0.0,3.7807888e-05,3.7807888e-05,0.0
rhodeia_of_loch,0.0,0.0,0.020798521,0.0,0.0,0.0,0.0,0.0,0.0,0.0,0.0,0.0,0.0,0.0,0.0,0.0,0.0,0.0,0.0,0.0,0.0,0.0,0.0,0.0,0.0,0.0,0.0,0.0,0.0,0.0,0.0,0.0,0.0,0.0,0.0,0.0,0.0,0.0,0.010221712,0.0,0.0,0.0,0.0,0.0,0.0,0.0,0.0,0.0,0.0,0.0,0.0,0.0,0.0,0.0,0.0,0.0,0.0,0.0,0.0,0.0,0.0,0.0,0.0,0.0,0.0,0.0,0.0,0.0,0.0,0.0,0.0,0.0,0.0,0.0,0.0031197781,0.0,0.0,0.0,0.0,0.0,0.0,0.0,0.0,0.0,0.0,0.0,0.0,0.0,0.0,0.0,0.0,0.0,0.0,0.0,0.0,0.0,0.0,0.0,0.0,0.0,0.0,0.0,0.0,0.0,0.0,0.0,0.0,0.0,0.0,0.0,0.005605455,0.0,0.0,0.0016232992,0.0,0.0,0.0014203868,0.0,0.0,0.0,0.0,0.0,0.0,0.0,0.0,0.0,0.0,0.0,0.0,0.0,0.0,0.0,0.0,0.0,0.0,0.0,0.0,0.0,0.0,0.0,0.0,0.0,0.0,0.0,0.0,0.0,0.17536704,0.0,5.07281e-05,0.48214522,0.0,0.0009131058,0.4133072,0.0,0.0069243857,0.2621882,0.0,0.0108558135,0.22026141,0.0,0.012377656,0.18076958,5.07281e-05,0.012124016,0.177802,5.07281e-05,0.0043626167,0.06401886,0.0,0.0004058248,0.011058725,0.0,0.00012682025,0.0023334925,5.07281e-05,0.0,0.0014203868,0.0,0.0,0.00017754835,0.0,0.0,0.5151439,0.0,0.005580091,0.23347609,0.0,0.059453335,0.018135296,0.0,0.097676955,0.004540165,0.0004565529,0.1528945,0.0023842207,0.0038553355,0.14211477,0.0014457508,0.004996718,0.0043626167,0.0001014562,0.0022066724,0.00032973266,0.0,0.00078628556,2.536405e-05,0.0,0.00032973266,2.536405e-05,0.0,7.6092154e-05,0.0,0.0,0.0001014562,0.0,0.0,0.0,0.0,0.044818275,0.0,2.536405e-05,0.0034495108,0.0,5.07281e-05,0.0,0.0,0.0,0.0,0.0,0.0,0.0,0.0,0.0,0.0,0.0,0.0,0.0,0.0,0.0,0.0,0.0,0.0,0.0,0.0,0.0,0.0,0.0,0.0,0.0,0.0,0.0,0.0,0.0,0.0,0.010323169,0.0,0.0,0.0002029124,0.0,0.0,0.0,0.0,0.0,0.0,0.0,0.0,0.0,0.0,0.0,0.0,0.0,0.0,0.0,0.0,0.0,0.0,0.0,0.0,0.0,0.0,0.0,0.0,0.0,0.0,0.0,0.0,0.0,0.0
sara,0.043957725,0.0003548157,0.045337565,0.0059924433,0.0046914523,0.01202431,0.009461752,0.008870393,0.124146074,0.0095800245,0.021288943,0.013640693,0.0077270977,0.06954388,0.1567497,0.006386683,0.06737556,0.023812078,0.0026019819,0.027281387,0.0053222356,0.0024442861,0.009974265,0.0070174662,0.0029173738,0.008712697,0.01320703,0.002641406,0.008081914,0.0046520284,0.0015375348,0.0055193556,0.0007096314,0.0057953233,0.009619448,0.00019711984,0.0014981108,3.942397e-05,0.004849148,0.00039423967,0.00015769587,0.001340415,0.0005519356,3.942397e-05,0.00015769587,0.0003548157,3.942397e-05,0.001340415,0.00023654381,0.00023654381,0.001261567,0.00039423967,0.000118271906,0.0008673273,0.00023654381,0.00015769587,0.003981821,0.000118271906,0.0003548157,0.016084978,0.000118271906,0.00043366366,0.017267698,0.00015769587,7.884794e-05,0.0033116133,0.000118271906,7.884794e-05,7.884794e-05,0.00094617525,3.942397e-05,0.0,0.0046520284,3.942397e-05,0.000118271906,0.0022865902,0.0,0.0,0.00047308762,0.0,0.0,0.00015769587,0.0,0.0,7.884794e-05,0.0,0.0,0.0,0.0,0.0,0.0,0.0,0.0,0.0,0.0,0.0,0.0,0.0,0.0,0.0,0.0,0.0,0.0,0.0,0.0,0.0005519356,0.0,0.0,0.0007490554,7.884794e-05,0.0,0.00039423967,3.942397e-05,0.0,0.000118271906,0.0,0.0,0.00015769587,0.0,0.0,3.942397e-05,0.0,0.0,0.0,0.0,0.0,0.000118271906,0.0,0.0,0.00031539175,0.0,0.0,0.000118271906,0.0,0.0,7.884794e-05,0.0,0.0,0.0,0.0,0.0,0.0005519356,0.0,0.0,0.0020500463,0.000118271906,0.00031539175,0.0013798389,0.000118271906,7.884794e-05,0.0012221431,0.0005913595,0.0,0.0018135025,0.00023654381,0.0,0.0033116133,0.00043366366,0.0,0.0068597705,0.0,0.0,0.003824125,0.000118271906,0.0,0.0018923505,0.0,0.0,0.001182719,3.942397e-05,0.0,0.0013009909,0.0,0.0,0.0010250232,0.0,0.0,0.0016558067,0.0,0.0,0.014744564,0.00019711984,0.05901768,0.011275255,0.020342767,0.075536326,0.069859274,0.021486063,0.034535397,0.039857633,0.08472211,0.021170672,0.08570771,0.21127304,0.011906039,0.075851716,0.39668396,0.0065443786,0.09311941,0.0822384,0.015572468,0.029962216,0.012300278,0.03201226,0.013956085,0.0028385257,0.007805946,0.008712697,0.00094617525,0.0005125116,0.006031867,0.000118271906,0.0003548157,0.040370144,0.00023654381,0.00031539175,0.14890432,0.0033116133,0.3376663,0.10605048,0.1128314,0.32950553,0.10585336,0.22361276,0.06351201,0.06331489,0.07734983,0.012655094,0.03973936,0.018371569,0.015414772,0.022037998,0.005282812,0.06627169,0.012970486,0.00082790334,0.034259427,0.0067809224,0.000118271906,0.002523134,0.005282812,0.0,0.0,0.0048885723,0.0,0.0,0.004612604,0.0,0.0,0.031184359,0.0,0.0,0.012536822,0.0012221431,0.5620281,0.009343481,0.019396592,0.049319386,0.006465531,0.06706017,0.012773366,0.004730876,0.027596777,0.00031539175,0.0048885723,0.02830641,0.0,0.016321523,0.016360948,3.942397e-05,0.0070963143,0.018568689,0.0003548157,0.0030750695,0.024521708,0.0014586869,0.0027991019,0.031657446,0.011156983,0.00268083,0.01659749,0.0057558995,0.0014586869,0.0070568905,0.00082790334,0.005282812,0.0014981108,7.884794e-05
stonehide_lawachurl,0.0005561432,0.0038582433,0.07306331,0.0024678854,0.014911589,0.05425872,0.00924588,0.043796275,0.050713304,0.06548586,0.08648027,0.08057124,0.06367839,0.18397911,0.12732203,0.12530601,0.37070417,0.37939394,0.14167747,0.45419517,0.33285168,0.018804591,0.30212477,0.23260689,0.0037539664,0.13813207,0.11376604,0.0033021,0.08755779,0.05620522,0.0023288496,0.061419062,0.014842071,0.0045534223,0.007855522,0.014320686,0.00038234843,0.0019117421,0.076886795,0.0018769832,0.007820764,0.10309504,0.0030587874,0.007994558,0.17024933,0.0058047445,0.012339427,0.08210064,0.0031630644,0.0071255844,0.03660117,0.0025026442,0.007577451,0.07320234,0.0007299379,0.01421641,0.15627623,0.00038234843,0.018144172,0.05186035,0.00097325054,0.009454434,0.0099063,0.00048662527,0.004066797,0.0021550548,0.0003475895,0.0015989116,0.0010427685,0.00048662527,0.0021202958,6.95179e-05,0.00045186633,0.00010427684,0.007438415,0.00031283053,0.0,0.00031283053,0.0,0.0,0.0042405915,3.475895e-05,0.0,0.003371618,0.0,0.0,0.0,0.0,0.0,0.0,0.0,0.0,0.0,0.0,0.0,0.0,0.0,0.0,0.0,0.0,0.0,0.0,0.0,0.0,0.0,0.0,0.0,0.0,0.00010427684,3.475895e-05,0.0016684295,6.95179e-05,0.0,0.0,3.475895e-05,0.0,0.0,0.0,0.0,0.0,0.0,0.0,0.0,0.0,0.0,0.0,0.0,0.0,0.0,0.0,0.0,0.0,0.0,0.0,0.0,0.0,0.0,0.0,0.0,0.0,0.0,0.0,0.0,0.0,0.0002780716,0.00017379475,0.0026416802,0.00017379475,0.0,0.0,0.00020855368,0.0,0.0,0.0,0.0,0.0,0.0,0.0,0.0,3.475895e-05,0.0,0.0,0.0,0.0,0.0,3.475895e-05,0.0,0.0,6.95179e-05,0.0,0.0,0.0,0.0,0.0,0.0,0.0,0.0,0.0001390358,0.0,0.0,0.0001390358,0.00017379475,0.0022245727,6.95179e-05,0.0,0.0,0.0002780716,0.0,0.0,0.0001390358,0.0,0.0,0.00010427684,0.0,0.0,0.00010427684,0.0,0.0,0.00020855368,0.0,0.0,0.0001390358,0.0,0.0,0.00017379475,0.0,0.0,0.0,0.0,0.0,3.475895e-05,0.0,0.0,0.000695179,0.0,0.0,0.0001390358,0.00010427684,0.00198126,0.00031283053,0.0,0.0,0.00024331264,0.0,0.0,0.0002780716,0.0,0.0,0.00020855368,0.0,0.0,0.00020855368,0.0,0.0,6.95179e-05,0.0,0.0,3.475895e-05,0.0,0.0,0.0,0.0,0.0,0.0,0.0,0.0,0.0,0.0,0.0,6.95179e-05,0.0,0.0,0.00020855368,0.00024331264,0.0018074653,0.00045186633,3.475895e-05,3.475895e-05,0.00076469686,0.0,0.0,0.0012513221,0.00020855368,0.0,0.002676439,6.95179e-05,0.0,0.0030935465,0.0,0.0,0.0015641527,0.0,0.0,0.00062566105,0.0,0.0,0.0001390358,0.0,0.0,0.00010427684,0.0,0.0,0.0,0.0,0.0,0.0,0.0,0.0
sucrose,0.0030652406,0.003614239,0.0833105,0.004025988,0.014273956,0.076265015,0.0048037353,0.47662205,0.2743619,0.002973741,0.14969355,0.11309366,0.002012994,0.05567758,0.05933757,0.0037972385,0.03243665,0.03573064,0.0017384947,0.025070924,0.021822684,0.0015097454,0.014685705,0.00654223,0.0011894964,0.011437465,0.00064049807,0.0009607471,0.008280725,0.00032024903,0.00064049807,0.004986735,9.149972e-05,0.0009607471,0.005032485,4.574986e-05,0.0009149972,0.0021959934,0.16282375,0.00086924736,0.005901732,0.19155467,0.0011437465,0.011574714,0.020907687,0.068030044,0.07681402,0.010934217,0.24334352,0.21845558,0.107329175,0.012764211,0.16081075,0.20290063,0.0045292364,0.061487813,0.26365644,0.0017384947,0.2118676,0.02328668,0.0007319978,0.0075029773,0.001646995,0.00054899836,0.0032024903,0.0,0.00013724959,0.0011894964,0.0,0.0,9.149972e-05,0.0,0.0009607471,0.0015097454,0.11798889,0.0006862479,0.005215484,0.12631537,0.0016927449,0.0162412,0.060801566,0.0037514886,0.08518624,0.021044936,0.0021959934,0.012032214,0.00013724959,0.001326746,0.0011437465,0.0,0.0007319978,0.0005947482,0.0,0.00041174874,0.0,0.0,0.0002287493,0.0,0.0,0.0,0.0,0.0,0.0,0.0,0.0,0.0,0.0,0.0,0.0005032485,0.00086924736,0.043645367,0.0014639955,0.002927991,0.043599617,0.0017384947,0.008280725,0.033717647,0.0009149972,0.02571142,0.03893313,0.0018757443,0.029966159,0.009058473,0.0013724958,0.02648917,0.0034312396,0.0027449916,0.01916919,0.001967244,0.005261234,0.009149972,0.0016012451,0.0075029773,0.005489983,0.002927991,0.0025162424,0.00041174874,0.00054899836,0.0009607471,0.00013724959,0.0,0.00086924736,9.149972e-05,0.0,0.0021044936,0.001967244,0.10627693,0.004391987,0.0035227393,0.12681861,0.0137249585,0.0068167294,0.13683784,0.06235706,0.010888467,0.06537655,0.03957363,0.018345695,0.037560634,0.024064427,0.051468592,0.0493641,0.018254194,0.322811,0.056272328,0.01656145,0.17224823,0.011574714,0.014822955,0.03605089,0.0045292364,0.01994694,0.01958094,0.0019214941,0.01601245,0.0072742277,0.00064049807,0.024933673,0.0048037353,0.0003659989,0.0037057388,0.0011894964,0.005535733,0.022508932,0.0017842446,0.00018299944,0.018894693,0.0031567405,0.0,0.042227123,0.0019214941,0.0,0.024476176,0.0020587437,0.0,0.012169463,0.0015554953,0.0,0.0037514886,0.0025619923,0.0,0.0028364914,0.009104222,0.0,0.0028822413,0.004025988,0.0,0.0040717376,0.0035227393,0.0,0.0021502434,0.002333243,0.0,0.010476718,0.0015554953,0.0,0.0044834865,0.00086924736,0.003980238,0.004574986,0.0011437465,0.0,0.0009149972,0.00032024903,0.0,0.0007319978,9.149972e-05,0.0,0.00032024903,0.0,0.0,0.0005947482,0.0,0.0,0.0005947482,0.0,0.0,0.0002287493,0.0,0.0,9.149972e-05,0.0,0.0,0.0,0.0,0.0,0.0,0.0,0.0,0.00041174874,0.0,0.0,0.002607742,0.001646995,0.0026992417,0.0040717376,0.00324824,9.149972e-05,0.0012352462,0.0017842446,0.0,0.00041174874,0.00032024903,0.0,0.00013724959,4.574986e-05,0.0,4.574986e-05,4.574986e-05,0.0,0.00018299944,0.0,0.0,0.00013724959,4.574986e-05,0.0,0.0,0.0,0.0,9.149972e-05,0.0,0.0,0.0,4.574986e-05,0.0,4.574986e-05,0.0,0.0
xiangling,0.00013908753,0.00034771883,0.09833488,0.00048680633,0.010118618,0.49070078,0.0023644879,0.039187912,0.1791795,0.011022686,0.085504055,0.2615193,0.011509493,0.08185301,0.23095484,0.017420713,0.08741651,0.25195706,0.048193827,0.063354366,0.3809955,0.15883796,0.044577554,0.21645497,0.018568184,0.020550182,0.093223415,0.013943524,0.015543031,0.08053168,0.008519111,0.010466336,0.012100615,0.01387398,0.007371639,0.0030251537,0.0,0.00031294694,0.038179524,0.0,0.0039639943,0.14694597,6.954376e-05,0.002920838,0.2316155,0.0,0.00013908753,0.08536497,0.0,0.00017385941,0.041621942,0.0,3.477188e-05,0.016342785,0.0,0.0,0.0060155354,0.0,0.0,0.00020863129,0.0,0.0,0.0,0.0,0.0,0.0,0.0,0.0,0.0,0.0,0.0,0.0,0.0,0.00034771883,0.002016769,0.0,0.00020863129,0.33081967,0.0,3.477188e-05,0.15410897,0.0,0.0,0.00017385941,0.0,0.0,0.0,0.0,0.0,6.954376e-05,0.0,0.0,0.0,0.0,0.0,0.0,0.0,0.0,0.0,0.0,0.0,0.0,0.0,0.0,0.0,0.0,0.0,0.0,0.0,0.0,0.0019472253,0.0,6.954376e-05,0.037310228,0.0,0.0007302095,0.18700318,0.0,0.00020863129,0.068639696,0.0,0.0,0.00069543766,0.0,0.0,0.0,0.0,0.0,0.0,0.0,0.0,0.0,0.0,0.0,0.0,0.0,0.0,0.0,0.0,0.0,0.0,0.0,0.0,0.0,0.0,0.000104315644,0.00351196,0.0,0.00069543766,0.00052157824,0.0,0.002329716,0.001773366,0.00020863129,0.0024688037,0.00017385941,0.00045203447,0.0018081379,3.477188e-05,0.0005563501,0.0013213315,0.0,0.00027817505,0.0012170159,0.0,0.00017385941,0.0005563501,0.0,0.00031294694,6.954376e-05,0.0,0.000104315644,6.954376e-05,0.0,0.00017385941,0.0,0.0,0.00024340316,0.0,0.0,0.0,0.00027817505,0.0015647346,0.00017385941,0.007336867,0.0025383474,0.01109223,0.05473094,0.003824907,0.03087743,0.02753933,0.00069543766,0.0061893947,0.021801969,0.0006258939,0.0019472253,0.0051462385,0.000104315644,0.0012170159,0.0012865596,0.0,0.0007302095,0.00045203447,0.0,0.00031294694,3.477188e-05,0.0,0.00024340316,0.0,0.0,0.00020863129,0.0,0.0,0.00020863129,0.0,0.0,0.0,0.00069543766,0.00069543766,0.00031294694,0.0033033288,0.00017385941,0.0013213315,0.0016690503,0.0,0.0012170159,0.0,0.0,0.000104315644,0.0,0.0,6.954376e-05,0.0,0.0,0.0,0.0,0.0,0.0,0.0,0.0,0.0,0.0,0.0,0.0,0.0,0.0,0.0,0.0,0.0,0.0,0.0,0.0,3.477188e-05,0.00090406893,0.0015995066,0.00013908753,0.0025731192,0.0011474721,0.00066066574,0.00059112196,6.954376e-05,0.0010083845,0.00013908753,3.477188e-05,0.00059112196,0.000104315644,0.00013908753,0.00024340316,0.0,0.0,0.00013908753,0.0,0.0,3.477188e-05,0.0,0.0,0.0,0.0,0.0,0.00017385941,0.0,0.0,0.00017385941,0.00013908753,0.0,0.00017385941,3.477188e-05,0.0
xingqiu,0.0026587404,0.0018933455,0.13019772,0.002135049,0.0074122464,0.54415554,0.0015710739,0.0126088755,0.09136399,0.0012085184,0.017080393,0.18160003,0.00044312343,0.026788825,0.09229052,0.00020141974,0.027111096,0.044513762,0.00024170367,0.010272406,0.035047032,0.00028198762,0.004270098,0.11339931,0.00016113579,0.0013293702,0.031985454,4.0283947e-05,0.0009265308,0.004471518,0.00016113579,0.00080567895,0.00032227157,8.0567894e-05,0.00024170367,8.0567894e-05,0.00072511105,0.0026990245,0.10497996,0.0006042592,0.003786691,0.24299277,0.00012085184,0.0014099381,0.07069833,4.0283947e-05,0.00064454315,0.051402315,8.0567894e-05,0.00020141974,0.0048743575,0.0,0.00012085184,0.00056397525,0.0,0.0,0.00028198762,0.0,0.0,8.0567894e-05,0.0,0.0,4.0283947e-05,0.0,0.0,0.0,0.0,0.0,0.0,0.0,0.0,0.0,0.00056397525,0.0020544813,0.14365256,0.00056397525,0.0036255552,0.32855588,8.0567894e-05,0.002135049,0.16306941,0.0,0.0006042592,0.042942688,0.0,0.004713222,0.003786691,0.0,0.004552086,0.0,0.0,0.0015710739,0.0,4.0283947e-05,0.00032227157,0.0,0.0,4.0283947e-05,0.0,0.0,4.0283947e-05,0.0,0.0,0.0,0.0,0.0,0.0,0.0,0.0006848271,0.0016113579,0.036416687,0.0009265308,0.010393258,0.116420604,0.00024170367,0.07899682,0.21040305,0.00024170367,0.024210652,0.0898332,8.0567894e-05,0.022840997,0.037302934,4.0283947e-05,0.021390775,0.004270098,8.0567894e-05,0.0058411723,0.00028198762,4.0283947e-05,0.0039478266,0.0,0.0008459629,0.0018127776,0.0,0.0009265308,0.00036255553,0.0,0.0010070987,0.0,0.0,0.00032227157,0.0,0.0,0.0014099381,0.0018933455,0.09229052,0.016395567,0.0065259994,0.12254377,0.09265308,0.017322097,0.050959192,0.15585859,0.036255553,0.035449874,0.077184044,0.16754094,0.029407281,0.038712874,0.30398268,0.02674854,0.008741616,0.31377167,0.035691578,0.006767703,0.08886639,0.024976047,0.0074122464,0.022478443,0.008902752,0.0071302587,0.020665664,0.002135049,0.021713048,0.0058411723,8.0567894e-05,0.026184566,0.0025378887,8.0567894e-05,0.0012085184,0.0015710739,0.021753332,0.0035449874,0.0056397524,0.005398049,0.0028198762,0.0063245795,0.0015710739,0.0029004442,0.0074525303,0.00016113579,0.0038672588,0.008097073,4.0283947e-05,0.0048743575,0.012165752,0.0,0.0032629997,0.041492466,0.0,0.0031421478,0.024049517,0.0,0.003182432,0.014985628,0.0,0.004672938,0.010796098,0.0,0.0055994685,0.0055994685,0.0,0.015952444,0.0028198762,0.0,0.0013293702,0.0018933455,0.0064857155,0.0005236913,0.0012488024,0.00016113579,0.00056397525,0.00028198762,0.0,0.002296185,8.0567894e-05,0.0,0.0006848271,0.0,0.0,0.0,0.0,0.0,0.00020141974,0.0,0.0,4.0283947e-05,0.0,0.0,0.0,0.0,0.0,8.0567894e-05,0.0,0.0,0.0,0.0,0.0,8.0567894e-05,0.0,0.0,0.00048340735,0.0012085184,0.003786691,0.0010876666,0.0020141974,0.00040283948,0.00032227157,0.0018127776,0.0006848271,0.00040283948,0.0018933455,0.00012085184,0.00028198762,0.0009668147,0.0,4.0283947e-05,0.0006042592,0.0,0.0,0.0006848271,0.0,8.0567894e-05,0.0005236913,0.0,0.0,8.0567894e-05,0.0,4.0283947e-05,0.0,0.0,0.00020141974,0.0,0.0,4.0283947e-05,0.0,0.0
yoimiya,0.000405475,0.00373037,0.05611774,4.05475e-05,0.020963058,0.3477759,0.0014191625,0.025707114,0.30147067,0.009285377,0.035641253,0.44002149,0.035114136,0.054860767,0.18262593,0.058185663,0.114911616,0.16608256,0.023477003,0.113816835,0.1750841,0.008312237,0.047400028,0.27787203,0.003973655,0.03547906,0.22074059,0.003324895,0.09670579,0.08523084,0.000892045,0.026801897,0.00697417,0.0047440575,0.016300095,0.0019057326,0.0,0.00072985503,0.041236807,4.05475e-05,0.00064876,0.048048787,8.1095e-05,0.0002027375,0.038114652,0.000567665,0.000567665,0.054414745,8.1095e-05,0.0001216425,0.0075012874,0.0,0.00032438,0.00178409,0.0,0.000243285,0.0013380675,0.0,0.0,0.0010947825,0.0,0.0,4.05475e-05,0.0,0.0,0.0,0.0,0.0,0.0,0.0,0.0,0.0,0.0,0.00036492752,0.0032032526,0.0,0.0,0.00016219,0.0,0.0,4.05475e-05,0.0,0.0,0.0,0.0,0.0,0.0,0.0,0.0,0.0,0.0,0.0,0.0,0.0,0.0,0.0,0.0,0.0,0.0,0.0,0.0,0.0,0.0,0.0,0.0,0.0,0.0,0.0,0.0,0.0005271175,0.0032843475,0.0,0.0002027375,0.0005271175,0.0,0.0,8.1095e-05,0.0,0.0,0.0,0.0,0.0,0.0,0.0,0.0,0.0,0.0,0.0,0.0,0.0,0.0,0.0,0.0,0.0,0.0,0.0,0.0,0.0,0.0,0.0,0.0,0.0,0.0,0.0,4.05475e-05,0.002189565,0.024247406,0.0,0.0035276324,0.026031496,8.1095e-05,0.01102892,0.031181028,0.001540805,0.123345494,0.047440574,0.042250495,0.108788945,0.0091231875,0.009934138,0.012285893,0.00551446,0.006568695,0.006568695,0.0016219,0.0064470526,0.0023923025,0.0004460225,0.00373037,0.0015002575,8.1095e-05,0.0040142024,0.0007704025,8.1095e-05,0.0028788724,0.0004460225,0.0,0.0024733974,0.00016219,0.0,0.0002027375,0.00437913,0.053765986,0.0033654426,0.036614392,0.017800353,0.009853043,0.076432034,0.003000515,0.03337059,0.043507468,0.00072985503,0.26404533,0.037060414,0.00097314,0.1087484,0.0129752,0.005595555,0.00502789,0.0145971,0.001216425,0.0032032526,0.0006082125,0.0001216425,0.0022301124,0.00032438,0.0,0.001702995,4.05475e-05,0.0,0.0016219,0.0,0.0,0.003162705,0.0,0.0,0.0002838325,0.0070958124,0.030248435,0.00373037,0.08462264,0.00032438,0.00194628,0.014556552,0.0,0.0006893075,0.0013380675,0.0,0.0002838325,4.05475e-05,0.0,0.00016219,0.0001216425,0.0,0.00036492752,0.0,0.0,0.00036492752,0.0,0.0,0.0001216425,0.0,0.0,0.00016219,0.0,0.0,4.05475e-05,0.0,0.0,0.00048657,0.0,0.0,0.0001216425,0.0051495326,0.033492234,0.0014191625,0.04606196,0.0058388403,0.001378615,0.19998027,0.34351844,0.007987858,0.067187205,0.028139966,0.0062848628,0.033005666,0.003649275,0.003973655,0.00989359,0.00113533,0.002676135,0.00243285,0.0008514975,0.00194628,0.0036898225,0.0002838325,0.0018246375,0.0015813526,0.0001216425,0.0007704025,0.000892045,0.0002027375,0.0006893075,0.00081095,8.1095e-05,0.0016219,0.0016624475,8.1095e-05
